"0","0","2024-10-10 03:23:52","7330.23"
"1","0","2024-10-15 03:23:52","6746.6"
"2","0","2024-10-29 03:23:52","7078.53"
"3","0","2024-11-28 03:23:52","6384.71"
"4","0","2024-12-17 03:23:52","5861.96"
"5","0","2025-01-02 03:23:52","6129.87"
"6","0","2025-01-12 03:23:52","6304.28"
"7","0","2025-02-03 03:23:52","5422.92"
"8","0","2025-02-06 03:23:52","5962.63"
"9","1","2024-11-24 14:01:44","3022.15"
"10","1","2024-11-29 14:01:44","2385.01"
"11","1","2024-12-05 14:01:44","2578.92"
"12","1","2024-12-10 14:01:44","2907.65"
"13","1","2025-01-09 14:01:44","2769.41"
"14","1","2025-01-23 14:01:44","2292.08"
"15","1","2025-02-12 14:01:44","3096.15"
"16","1","2025-03-09 14:01:44","2198.86"
"17","1","2025-03-12 14:01:44","2680.25"
"18","1","2025-04-07 14:01:44","2734.53"
"19","1","2025-04-10 14:01:44","2843.82"
"20","1","2025-05-05 14:01:44","2362.29"
"21","1","2025-05-14 14:01:44","2274.64"
"22","2","2024-12-02 07:55:26","873.13"
"23","2","2024-12-12 07:55:26","460.7"
"24","2","2025-01-01 07:55:26","1275.49"
"25","2","2025-01-19 07:55:26","1708.42"
"26","2","2025-02-02 07:55:26","2353.28"
"27","2","2025-02-05 07:55:26","2037.49"
"28","2","2025-02-06 07:55:26","1346.12"
"29","3","2023-12-25 09:20:33","8231.11"
"30","3","2024-01-23 09:20:33","7516.51"
"31","3","2024-02-08 09:20:33","8315.7"
"32","3","2024-02-09 09:20:33","9024.91"
"33","3","2024-02-14 09:20:33","9351.88"
"34","3","2024-03-07 09:20:33","8591.85"
"35","3","2024-04-04 09:20:33","7818.92"
"36","3","2024-04-15 09:20:33","8678.68"
"37","3","2024-04-17 09:20:33","9144.72"
"38","4","2024-11-29 11:41:35","231.35"
"39","4","2024-12-21 11:41:35","380.97"
"40","4","2025-01-04 11:41:35","1150.27"
"41","4","2025-01-15 11:41:35","1958.64"
"42","4","2025-01-21 11:41:35","1049.2"
"43","5","2024-06-07 15:59:06","824.08"
"44","5","2024-07-01 15:59:06","292.68"
"45","5","2024-07-29 15:59:06","136.57"
"46","5","2024-08-17 15:59:06","869.1"
"47","5","2024-08-26 15:59:06","974.77"
"48","5","2024-08-30 15:59:06","837.26"
"49","5","2024-09-03 15:59:06","487.87"
"50","5","2024-10-01 15:59:06","573.74"
"51","5","2024-10-12 15:59:06","1400.01"
"52","5","2024-10-21 15:59:06","1612.64"
"53","5","2024-10-23 15:59:06","1525.97"
"54","5","2024-10-29 15:59:06","2230.15"
"55","5","2024-11-11 15:59:06","1634.97"
"56","5","2024-12-09 15:59:06","2421.74"
"57","6","2024-12-19 12:05:59","9127.39"
"58","6","2024-12-27 12:05:59","9177.58"
"59","6","2025-01-11 12:05:59","9360.82"
"60","6","2025-01-25 12:05:59","9552.95"
"61","6","2025-02-14 12:05:59","9091.42"
"62","6","2025-02-18 12:05:59","8528.82"
"63","6","2025-03-03 12:05:59","7556.97"
"64","6","2025-03-06 12:05:59","6973.67"
"65","6","2025-03-31 12:05:59","7318.39"
"66","6","2025-04-29 12:05:59","6411.09"
"67","7","2024-09-23 07:37:40","3115.86"
"68","7","2024-10-12 07:37:40","3549.29"
"69","7","2024-11-11 07:37:40","3678.12"
"70","7","2024-11-30 07:37:40","3163.49"
"71","7","2024-12-23 07:37:40","3934.77"
"72","7","2025-01-11 07:37:40","3856.37"
"73","7","2025-02-06 07:37:40","3219.76"
"74","7","2025-03-08 07:37:40","2919.64"
"75","7","2025-04-07 07:37:40","2667.98"
"76","7","2025-04-08 07:37:40","3443.81"
"77","7","2025-05-01 07:37:40","3143.38"
"78","8","2024-08-16 13:05:48","7678.26"
"79","8","2024-08-31 13:05:48","8231.69"
"80","8","2024-09-04 13:05:48","8048.83"
"81","8","2024-10-04 13:05:48","8276.34"
"82","8","2024-10-05 13:05:48","7963.85"
"83","9","2024-01-02 02:39:41","4929.01"
"84","9","2024-01-20 02:39:41","4677.8"
"85","9","2024-01-28 02:39:41","4771.37"
"86","9","2024-02-10 02:39:41","3943.58"
"87","9","2024-02-13 02:39:41","4863.63"
"88","9","2024-03-05 02:39:41","4673.0"
"89","9","2024-03-15 02:39:41","4349.12"
"90","9","2024-04-13 02:39:41","4448.95"
"91","10","2024-07-22 15:07:26","7496.28"
"92","10","2024-07-28 15:07:26","7047.01"
"93","10","2024-08-15 15:07:26","7827.88"
"94","10","2024-09-07 15:07:26","8666.33"
"95","10","2024-09-28 15:07:26","8093.31"
"96","10","2024-10-21 15:07:26","7900.93"
"97","10","2024-10-29 15:07:26","6938.86"
"98","10","2024-11-14 15:07:26","6667.05"
"99","10","2024-12-09 15:07:26","6328.12"
"100","10","2024-12-20 15:07:26","6572.59"
"101","10","2025-01-13 15:07:26","7275.53"
"102","11","2024-06-24 11:39:41","6346.36"
"103","11","2024-06-30 11:39:41","6044.73"
"104","11","2024-07-25 11:39:41","5782.21"
"105","11","2024-08-13 11:39:41","6495.14"
"106","11","2024-08-25 11:39:41","6127.44"
"107","11","2024-09-24 11:39:41","6909.5"
"108","11","2024-10-07 11:39:41","6878.4"
"109","11","2024-11-01 11:39:41","7479.26"
"110","11","2024-11-27 11:39:41","8305.47"
"111","11","2024-12-17 11:39:41","8553.34"
"112","11","2025-01-11 11:39:41","8467.67"
"113","11","2025-01-24 11:39:41","8450.67"
"114","11","2025-02-12 11:39:41","8744.53"
"115","11","2025-02-17 11:39:41","8169.4"
"116","12","2024-08-10 06:01:09","8193.72"
"117","12","2024-09-05 06:01:09","7762.86"
"118","12","2024-10-01 06:01:09","7762.24"
"119","12","2024-10-21 06:01:09","7555.75"
"120","12","2024-10-23 06:01:09","7565.55"
"121","12","2024-11-09 06:01:09","7510.56"
"122","12","2024-12-06 06:01:09","7971.17"
"123","12","2024-12-28 06:01:09","7884.83"
"124","12","2025-01-11 06:01:09","7404.33"
"125","13","2024-04-24 03:29:20","5564.19"
"126","13","2024-05-01 03:29:20","5840.24"
"127","13","2024-05-25 03:29:20","5338.07"
"128","13","2024-06-23 03:29:20","5188.12"
"129","13","2024-06-27 03:29:20","4887.2"
"130","13","2024-06-28 03:29:20","3934.23"
"131","13","2024-07-07 03:29:20","2934.55"
"132","13","2024-07-31 03:29:20","2909.85"
"133","13","2024-08-01 03:29:20","3453.45"
"134","13","2024-08-14 03:29:20","3367.37"
"135","14","2024-06-13 19:37:36","5565.32"
"136","14","2024-06-19 19:37:36","5599.1"
"137","14","2024-07-06 19:37:36","6046.91"
"138","14","2024-07-19 19:37:36","6958.57"
"139","14","2024-08-01 19:37:36","6303.8"
"140","14","2024-08-07 19:37:36","7044.31"
"141","15","2024-04-28 07:56:12","595.49"
"142","15","2024-05-19 07:56:12","24.51"
"143","15","2024-06-05 07:56:12","78.67"
"144","15","2024-06-11 07:56:12","0"
"145","15","2024-07-10 07:56:12","0"
"146","15","2024-07-26 07:56:12","31.94"
"147","15","2024-08-14 07:56:12","917.83"
"148","15","2024-08-16 07:56:12","1040.07"
"149","15","2024-09-08 07:56:12","581.05"
"150","15","2024-09-12 07:56:12","556.91"
"151","16","2024-03-21 01:06:10","8926.62"
"152","16","2024-04-02 01:06:10","9786.06"
"153","16","2024-04-27 01:06:10","8789.35"
"154","16","2024-05-13 01:06:10","8350.01"
"155","16","2024-05-15 01:06:10","7448.6"
"156","16","2024-06-08 01:06:10","6904.76"
"157","16","2024-06-20 01:06:10","6314.32"
"158","16","2024-07-06 01:06:10","5724.02"
"159","16","2024-07-20 01:06:10","5806.71"
"160","16","2024-08-11 01:06:10","6681.14"
"161","16","2024-08-15 01:06:10","6166.17"
"162","17","2024-08-23 15:21:28","5522.72"
"163","17","2024-09-08 15:21:28","5166.0"
"164","17","2024-10-06 15:21:28","6081.89"
"165","17","2024-10-10 15:21:28","5092.61"
"166","17","2024-10-27 15:21:28","5415.81"
"167","17","2024-11-26 15:21:28","5476.4"
"168","17","2024-12-09 15:21:28","5076.2"
"169","17","2025-01-08 15:21:28","4660.99"
"170","17","2025-01-31 15:21:28","4470.3"
"171","17","2025-02-12 15:21:28","5066.06"
"172","17","2025-03-09 15:21:28","5067.72"
"173","18","2024-03-13 23:11:27","1045.76"
"174","18","2024-04-12 23:11:27","82.25"
"175","18","2024-05-03 23:11:27","1066.91"
"176","18","2024-05-12 23:11:27","106.06"
"177","18","2024-06-05 23:11:27","0"
"178","18","2024-06-18 23:11:27","755.94"
"179","18","2024-06-24 23:11:27","1674.27"
"180","18","2024-07-22 23:11:27","2406.22"
"181","18","2024-08-13 23:11:27","1730.62"
"182","19","2024-07-06 07:15:14","2963.59"
"183","19","2024-07-23 07:15:14","2393.82"
"184","19","2024-08-13 07:15:14","1881.1"
"185","19","2024-09-10 07:15:14","1624.71"
"186","19","2024-10-05 07:15:14","2257.26"
"187","19","2024-10-26 07:15:14","1487.29"
"188","19","2024-11-18 07:15:14","1710.99"
"189","20","2024-01-05 15:59:27","4640.47"
"190","20","2024-01-22 15:59:27","4803.8"
"191","20","2024-02-19 15:59:27","5025.5"
"192","20","2024-03-10 15:59:27","4375.6"
"193","20","2024-03-20 15:59:27","5342.63"
"194","21","2024-03-01 05:00:01","8634.79"
"195","21","2024-03-11 05:00:01","8728.42"
"196","21","2024-04-09 05:00:01","8919.14"
"197","21","2024-04-12 05:00:01","9385.96"
"198","21","2024-04-29 05:00:01","8785.11"
"199","21","2024-05-15 05:00:01","9707.93"
"200","21","2024-06-03 05:00:01","10549.82"
"201","21","2024-06-16 05:00:01","10352.09"
"202","21","2024-07-13 05:00:01","9514.63"
"203","21","2024-07-22 05:00:01","8642.76"
"204","21","2024-07-26 05:00:01","8553.79"
"205","22","2024-03-06 09:10:55","8833.16"
"206","22","2024-03-30 09:10:55","9102.64"
"207","22","2024-04-23 09:10:55","8486.14"
"208","22","2024-04-25 09:10:55","8002.51"
"209","22","2024-05-15 09:10:55","8936.6"
"210","22","2024-05-20 09:10:55","8637.24"
"211","22","2024-06-07 09:10:55","8656.52"
"212","22","2024-06-26 09:10:55","7808.09"
"213","22","2024-07-17 09:10:55","8742.95"
"214","22","2024-07-26 09:10:55","8472.91"
"215","22","2024-08-03 09:10:55","9439.83"
"216","22","2024-08-10 09:10:55","10343.83"
"217","22","2024-08-15 09:10:55","11092.69"
"218","23","2024-12-10 21:58:51","4639.93"
"219","23","2025-01-06 21:58:51","4362.04"
"220","23","2025-01-30 21:58:51","4249.03"
"221","23","2025-02-05 21:58:51","4393.1"
"222","23","2025-02-07 21:58:51","5390.81"
"223","23","2025-03-07 21:58:51","5925.13"
"224","23","2025-03-24 21:58:51","5039.08"
"225","23","2025-04-14 21:58:51","4838.57"
"226","23","2025-04-21 21:58:51","5468.95"
"227","23","2025-05-10 21:58:51","4745.72"
"228","23","2025-05-22 21:58:51","3921.92"
"229","23","2025-06-02 21:58:51","4412.56"
"230","23","2025-06-25 21:58:51","3679.54"
"231","23","2025-07-10 21:58:51","4258.92"
"232","23","2025-08-09 21:58:51","4629.61"
"233","24","2024-06-02 18:28:07","4068.19"
"234","24","2024-06-16 18:28:07","4366.16"
"235","24","2024-06-28 18:28:07","4591.93"
"236","24","2024-07-16 18:28:07","5150.25"
"237","24","2024-08-12 18:28:07","6045.29"
"238","24","2024-08-15 18:28:07","5324.36"
"239","24","2024-09-03 18:28:07","4879.46"
"240","24","2024-09-10 18:28:07","5722.99"
"241","24","2024-09-14 18:28:07","4772.02"
"242","24","2024-09-21 18:28:07","4991.42"
"243","24","2024-09-27 18:28:07","5689.43"
"244","24","2024-09-30 18:28:07","5748.12"
"245","24","2024-10-09 18:28:07","6633.62"
"246","24","2024-10-14 18:28:07","5943.17"
"247","25","2024-09-28 09:06:17","3304.03"
"248","25","2024-10-02 09:06:17","3442.37"
"249","25","2024-10-05 09:06:17","3364.8"
"250","25","2024-10-26 09:06:17","4201.85"
"251","25","2024-11-12 09:06:17","3638.83"
"252","25","2024-11-18 09:06:17","3811.68"
"253","25","2024-11-29 09:06:17","3894.06"
"254","25","2024-12-12 09:06:17","4544.91"
"255","25","2025-01-04 09:06:17","4241.52"
"256","26","2024-05-07 23:59:41","9291.2"
"257","26","2024-05-30 23:59:41","8932.99"
"258","26","2024-06-23 23:59:41","9754.07"
"259","26","2024-07-09 23:59:41","9536.48"
"260","26","2024-07-21 23:59:41","10466.14"
"261","26","2024-08-02 23:59:41","9722.24"
"262","26","2024-08-27 23:59:41","10508.27"
"263","26","2024-09-13 23:59:41","10965.32"
"264","26","2024-10-02 23:59:41","11413.4"
"265","26","2024-10-18 23:59:41","11421.95"
"266","26","2024-10-30 23:59:41","11382.04"
"267","26","2024-10-31 23:59:41","12292.91"
"268","26","2024-11-12 23:59:41","12247.15"
"269","26","2024-11-20 23:59:41","12851.26"
"270","26","2024-12-02 23:59:41","12275.43"
"271","27","2024-07-27 05:14:11","1935.52"
"272","27","2024-08-07 05:14:11","1913.13"
"273","27","2024-08-08 05:14:11","1365.53"
"274","27","2024-08-11 05:14:11","883.05"
"275","27","2024-09-01 05:14:11","512.05"
"276","27","2024-09-20 05:14:11","0"
"277","27","2024-10-03 05:14:11","0"
"278","27","2024-10-20 05:14:11","0"
"279","27","2024-10-26 05:14:11","580.25"
"280","27","2024-11-09 05:14:11","216.05"
"281","27","2024-12-05 05:14:11","525.34"
"282","27","2024-12-14 05:14:11","704.67"
"283","27","2025-01-10 05:14:11","1272.9"
"284","27","2025-02-03 05:14:11","1143.77"
"285","28","2024-12-11 09:49:59","6670.69"
"286","28","2025-01-01 09:49:59","7402.08"
"287","28","2025-01-25 09:49:59","7309.48"
"288","28","2025-01-28 09:49:59","6403.14"
"289","28","2025-02-27 09:49:59","6221.64"
"290","28","2025-02-28 09:49:59","6013.53"
"291","28","2025-03-25 09:49:59","5143.59"
"292","28","2025-03-31 09:49:59","4739.5"
"293","28","2025-04-20 09:49:59","5391.23"
"294","29","2024-05-10 17:38:27","3528.33"
"295","29","2024-06-02 17:38:27","3334.95"
"296","29","2024-07-02 17:38:27","3491.88"
"297","29","2024-07-19 17:38:27","4323.03"
"298","29","2024-08-07 17:38:27","5062.38"
"299","29","2024-08-21 17:38:27","4978.9"
"300","29","2024-08-30 17:38:27","4230.7"
"301","30","2024-09-19 06:20:50","4586.55"
"302","30","2024-10-13 06:20:50","5023.54"
"303","30","2024-10-30 06:20:50","5903.46"
"304","30","2024-11-25 06:20:50","4933.4"
"305","30","2024-12-04 06:20:50","4101.23"
"306","30","2024-12-22 06:20:50","4467.72"
"307","30","2025-01-13 06:20:50","5147.3"
"308","30","2025-02-11 06:20:50","5319.75"
"309","30","2025-03-03 06:20:50","4700.63"
"310","30","2025-03-09 06:20:50","4108.67"
"311","30","2025-03-18 06:20:50","4275.18"
"312","30","2025-04-03 06:20:50","3823.55"
"313","30","2025-04-30 06:20:50","4107.74"
"314","30","2025-05-12 06:20:50","3381.62"
"315","30","2025-05-28 06:20:50","2611.18"
"316","31","2024-05-09 22:31:25","4570.6"
"317","31","2024-05-19 22:31:25","4429.46"
"318","31","2024-06-15 22:31:25","4502.02"
"319","31","2024-06-26 22:31:25","5226.3"
"320","31","2024-07-26 22:31:25","5979.52"
"321","32","2024-04-26 11:39:12","1534.06"
"322","32","2024-05-12 11:39:12","1926.39"
"323","32","2024-05-28 11:39:12","2551.58"
"324","32","2024-06-04 11:39:12","2663.92"
"325","32","2024-06-07 11:39:12","3598.53"
"326","32","2024-07-06 11:39:12","2782.78"
"327","32","2024-08-03 11:39:12","2548.82"
"328","32","2024-08-30 11:39:12","3539.79"
"329","32","2024-08-31 11:39:12","3563.8"
"330","33","2024-06-11 01:52:50","2469.71"
"331","33","2024-06-24 01:52:50","1581.05"
"332","33","2024-07-08 01:52:50","1547.81"
"333","33","2024-07-15 01:52:50","1314.77"
"334","33","2024-07-30 01:52:50","823.3"
"335","33","2024-08-28 01:52:50","0"
"336","33","2024-09-02 01:52:50","0"
"337","33","2024-09-26 01:52:50","27.23"
"338","33","2024-10-17 01:52:50","122.92"
"339","33","2024-11-13 01:52:50","0"
"340","33","2024-12-01 01:52:50","664.85"
"341","33","2024-12-08 01:52:50","1153.82"
"342","33","2024-12-22 01:52:50","1509.7"
"343","33","2024-12-27 01:52:50","830.99"
"344","33","2025-01-03 01:52:50","1680.69"
"345","34","2024-08-21 00:34:41","3142.25"
"346","34","2024-09-06 00:34:41","2435.1"
"347","34","2024-10-02 00:34:41","1820.84"
"348","34","2024-10-19 00:34:41","1710.59"
"349","34","2024-10-30 00:34:41","2607.83"
"350","34","2024-11-14 00:34:41","2851.51"
"351","34","2024-11-28 00:34:41","3573.27"
"352","34","2024-11-30 00:34:41","3183.56"
"353","34","2024-12-14 00:34:41","3631.01"
"354","34","2024-12-25 00:34:41","3840.01"
"355","34","2024-12-26 00:34:41","4299.01"
"356","34","2025-01-24 00:34:41","4369.1"
"357","34","2025-02-08 00:34:41","4200.74"
"358","35","2024-12-02 01:37:39","3487.29"
"359","35","2024-12-11 01:37:39","3975.44"
"360","35","2025-01-07 01:37:39","4727.29"
"361","35","2025-01-30 01:37:39","5628.63"
"362","35","2025-02-23 01:37:39","5112.92"
"363","35","2025-03-23 01:37:39","5110.13"
"364","36","2024-10-26 05:49:05","10042.08"
"365","36","2024-11-20 05:49:05","9276.63"
"366","36","2024-11-27 05:49:05","8282.77"
"367","36","2024-12-08 05:49:05","8586.29"
"368","36","2025-01-06 05:49:05","8403.83"
"369","36","2025-01-07 05:49:05","8272.71"
"370","36","2025-02-02 05:49:05","8293.96"
"371","36","2025-02-27 05:49:05","7501.55"
"372","36","2025-03-03 05:49:05","6567.39"
"373","36","2025-03-07 05:49:05","5775.67"
"374","36","2025-03-24 05:49:05","4897.21"
"375","36","2025-04-06 05:49:05","5807.2"
"376","36","2025-04-11 05:49:05","5162.13"
"377","36","2025-04-22 05:49:05","5282.89"
"378","36","2025-05-10 05:49:05","5987.99"
"379","37","2024-10-08 22:10:40","10534.88"
"380","37","2024-10-25 22:10:40","11077.28"
"381","37","2024-10-30 22:10:40","10511.75"
"382","37","2024-11-23 22:10:40","11353.23"
"383","37","2024-12-10 22:10:40","11988.2"
"384","37","2024-12-19 22:10:40","11917.2"
"385","37","2025-01-10 22:10:40","11393.16"
"386","37","2025-01-28 22:10:40","11516.49"
"387","37","2025-02-25 22:10:40","12315.02"
"388","37","2025-03-19 22:10:40","13309.85"
"389","38","2024-05-20 12:35:00","7864.56"
"390","38","2024-06-06 12:35:00","7426.58"
"391","38","2024-06-27 12:35:00","7229.87"
"392","38","2024-07-13 12:35:00","7064.59"
"393","38","2024-07-23 12:35:00","7785.43"
"394","38","2024-08-18 12:35:00","8581.92"
"395","38","2024-08-19 12:35:00","9553.74"
"396","38","2024-09-04 12:35:00","10239.49"
"397","38","2024-09-30 12:35:00","10993.77"
"398","38","2024-10-01 12:35:00","10342.53"
"399","38","2024-10-16 12:35:00","11147.06"
"400","39","2024-03-31 10:18:01","7885.96"
"401","39","2024-04-27 10:18:01","7787.72"
"402","39","2024-05-25 10:18:01","8026.31"
"403","39","2024-06-17 10:18:01","7298.1"
"404","39","2024-06-21 10:18:01","7787.14"
"405","39","2024-07-20 10:18:01","8464.55"
"406","40","2024-11-10 01:08:46","1198.85"
"407","40","2024-11-27 01:08:46","2058.17"
"408","40","2024-12-12 01:08:46","1947.02"
"409","40","2024-12-21 01:08:46","1943.34"
"410","40","2024-12-30 01:08:46","1225.05"
"411","40","2025-01-20 01:08:46","244.21"
"412","40","2025-02-14 01:08:46","230.39"
"413","40","2025-03-16 01:08:46","0"
"414","40","2025-04-10 01:08:46","473.23"
"415","40","2025-04-14 01:08:46","1338.71"
"416","40","2025-04-22 01:08:46","959.88"
"417","41","2024-08-24 02:19:44","3987.08"
"418","41","2024-09-13 02:19:44","3396.89"
"419","41","2024-09-29 02:19:44","3250.87"
"420","41","2024-10-23 02:19:44","3154.5"
"421","41","2024-11-15 02:19:44","2265.04"
"422","41","2024-12-10 02:19:44","2980.62"
"423","41","2024-12-20 02:19:44","2043.51"
"424","42","2024-02-15 03:47:01","9079.95"
"425","42","2024-02-17 03:47:01","9192.6"
"426","42","2024-03-02 03:47:01","9425.14"
"427","42","2024-03-29 03:47:01","9660.46"
"428","42","2024-04-06 03:47:01","10099.2"
"429","42","2024-04-10 03:47:01","9523.79"
"430","42","2024-05-05 03:47:01","10226.38"
"431","42","2024-05-26 03:47:01","9332.64"
"432","42","2024-06-21 03:47:01","8986.53"
"433","43","2024-06-30 14:03:30","2934.38"
"434","43","2024-07-29 14:03:30","3501.15"
"435","43","2024-08-14 14:03:30","2997.57"
"436","43","2024-09-04 14:03:30","2808.74"
"437","43","2024-09-12 14:03:30","1879.88"
"438","43","2024-09-22 14:03:30","2745.28"
"439","43","2024-10-02 14:03:30","2083.1"
"440","43","2024-10-08 14:03:30","1521.28"
"441","43","2024-10-12 14:03:30","1460.11"
"442","43","2024-10-27 14:03:30","1397.27"
"443","43","2024-11-25 14:03:30","553.04"
"444","43","2024-12-10 14:03:30","1214.2"
"445","43","2025-01-02 14:03:30","2165.43"
"446","43","2025-01-06 14:03:30","2543.88"
"447","43","2025-01-07 14:03:30","3498.76"
"448","44","2024-05-17 16:51:43","9496.52"
"449","44","2024-05-19 16:51:43","10483.62"
"450","44","2024-05-31 16:51:43","11416.17"
"451","44","2024-06-30 16:51:43","11803.26"
"452","44","2024-07-28 16:51:43","11058.74"
"453","44","2024-08-21 16:51:43","10271.25"
"454","44","2024-08-23 16:51:43","10320.82"
"455","44","2024-09-06 16:51:43","10907.97"
"456","44","2024-09-30 16:51:43","11520.78"
"457","44","2024-10-28 16:51:43","11529.76"
"458","44","2024-11-14 16:51:43","12009.25"
"459","44","2024-11-30 16:51:43","12561.75"
"460","44","2024-12-06 16:51:43","13387.72"
"461","44","2024-12-21 16:51:43","13153.73"
"462","44","2025-01-14 16:51:43","12542.93"
"463","45","2024-06-15 12:24:26","7903.39"
"464","45","2024-06-24 12:24:26","8827.15"
"465","45","2024-07-15 12:24:26","8023.13"
"466","45","2024-07-21 12:24:26","7579.34"
"467","45","2024-07-23 12:24:26","7037.34"
"468","45","2024-08-09 12:24:26","6896.97"
"469","46","2024-03-26 08:46:49","459.03"
"470","46","2024-04-17 08:46:49","0"
"471","46","2024-05-06 08:46:49","94.04"
"472","46","2024-05-16 08:46:49","0"
"473","46","2024-05-29 08:46:49","195.22"
"474","46","2024-06-09 08:46:49","599.29"
"475","47","2024-12-03 05:30:14","6032.42"
"476","47","2024-12-13 05:30:14","5154.32"
"477","47","2024-12-17 05:30:14","4614.87"
"478","47","2025-01-13 05:30:14","4620.0"
"479","47","2025-01-17 05:30:14","3713.85"
"480","47","2025-01-28 05:30:14","2927.74"
"481","47","2025-02-10 05:30:14","3699.7"
"482","47","2025-03-12 05:30:14","3686.83"
"483","47","2025-03-22 05:30:14","3875.52"
"484","47","2025-04-14 05:30:14","4354.46"
"485","48","2024-11-23 13:38:26","2908.86"
"486","48","2024-12-23 13:38:26","2635.67"
"487","48","2025-01-12 13:38:26","3480.35"
"488","48","2025-01-29 13:38:26","2680.74"
"489","48","2025-02-07 13:38:26","1902.9"
"490","48","2025-02-24 13:38:26","2250.68"
"491","48","2025-03-01 13:38:26","2184.74"
"492","48","2025-03-08 13:38:26","2879.01"
"493","48","2025-04-02 13:38:26","3446.72"
"494","48","2025-04-30 13:38:26","3359.45"
"495","48","2025-05-07 13:38:26","2421.41"
"496","49","2024-02-07 22:34:10","8806.13"
"497","49","2024-02-20 22:34:10","9157.21"
"498","49","2024-02-27 22:34:10","9477.22"
"499","49","2024-03-26 22:34:10","10172.71"
"500","49","2024-04-14 22:34:10","9788.51"
"501","49","2024-04-15 22:34:10","9549.11"
"502","49","2024-05-15 22:34:10","8600.96"
"503","49","2024-05-17 22:34:10","8343.58"
"504","49","2024-06-03 22:34:10","8100.59"
"505","49","2024-06-08 22:34:10","8691.31"
"506","50","2024-08-22 06:42:30","9479.2"
"507","50","2024-09-21 06:42:30","10340.24"
"508","50","2024-09-27 06:42:30","10949.16"
"509","50","2024-10-26 06:42:30","11410.22"
"510","50","2024-11-20 06:42:30","11434.47"
"511","50","2024-12-05 06:42:30","12003.4"
"512","50","2025-01-01 06:42:30","12124.39"
"513","51","2024-05-09 03:34:53","4529.07"
"514","51","2024-05-17 03:34:53","5167.42"
"515","51","2024-05-22 03:34:53","5490.78"
"516","51","2024-05-23 03:34:53","5638.47"
"517","51","2024-06-11 03:34:53","6266.34"
"518","52","2024-03-10 20:15:43","799.58"
"519","52","2024-03-24 20:15:43","1116.61"
"520","52","2024-04-11 20:15:43","1395.25"
"521","52","2024-04-24 20:15:43","1999.89"
"522","52","2024-05-19 20:15:43","2093.14"
"523","52","2024-06-12 20:15:43","2038.39"
"524","52","2024-07-12 20:15:43","1274.65"
"525","52","2024-07-21 20:15:43","1375.87"
"526","52","2024-08-09 20:15:43","2196.23"
"527","52","2024-08-29 20:15:43","2966.77"
"528","52","2024-09-23 20:15:43","3629.86"
"529","52","2024-09-24 20:15:43","2742.31"
"530","52","2024-09-28 20:15:43","1803.83"
"531","53","2024-08-18 09:42:19","5287.61"
"532","53","2024-09-07 09:42:19","4295.66"
"533","53","2024-10-03 09:42:19","4450.91"
"534","53","2024-10-10 09:42:19","4678.02"
"535","53","2024-11-08 09:42:19","4400.24"
"536","53","2024-12-04 09:42:19","3944.79"
"537","53","2025-01-03 09:42:19","3751.0"
"538","54","2024-01-11 19:33:46","399.22"
"539","54","2024-01-17 19:33:46","0"
"540","54","2024-02-02 19:33:46","348.82"
"541","54","2024-02-18 19:33:46","0"
"542","54","2024-03-10 19:33:46","284.78"
"543","54","2024-03-11 19:33:46","281.94"
"544","54","2024-03-30 19:33:46","0"
"545","54","2024-04-27 19:33:46","778.89"
"546","54","2024-05-13 19:33:46","663.08"
"547","55","2024-11-22 10:03:09","7558.62"
"548","55","2024-12-09 10:03:09","7995.26"
"549","55","2024-12-25 10:03:09","8608.2"
"550","55","2025-01-04 10:03:09","9548.36"
"551","55","2025-01-27 10:03:09","9987.21"
"552","55","2025-02-25 10:03:09","9053.65"
"553","55","2025-03-21 10:03:09","9507.17"
"554","55","2025-04-13 10:03:09","10489.87"
"555","56","2024-11-10 15:40:29","9176.98"
"556","56","2024-11-22 15:40:29","9440.82"
"557","56","2024-12-03 15:40:29","10018.69"
"558","56","2024-12-08 15:40:29","10953.83"
"559","56","2024-12-13 15:40:29","11313.25"
"560","56","2024-12-24 15:40:29","12139.96"
"561","56","2025-01-17 15:40:29","13138.06"
"562","56","2025-02-15 15:40:29","13771.07"
"563","56","2025-03-17 15:40:29","13938.6"
"564","56","2025-03-30 15:40:29","14236.26"
"565","56","2025-04-28 15:40:29","14655.84"
"566","56","2025-05-01 15:40:29","14513.91"
"567","56","2025-05-22 15:40:29","13555.54"
"568","56","2025-05-24 15:40:29","13742.34"
"569","57","2023-12-16 21:16:52","9991.48"
"570","57","2023-12-23 21:16:52","10640.89"
"571","57","2024-01-08 21:16:52","10043.2"
"572","57","2024-01-12 21:16:52","11031.03"
"573","57","2024-01-18 21:16:52","11789.39"
"574","57","2024-02-06 21:16:52","12414.27"
"575","57","2024-03-06 21:16:52","11582.65"
"576","57","2024-03-26 21:16:52","11062.96"
"577","57","2024-04-06 21:16:52","11158.91"
"578","57","2024-04-14 21:16:52","10829.43"
"579","57","2024-04-24 21:16:52","10102.93"
"580","58","2024-06-20 16:07:58","5252.99"
"581","58","2024-07-05 16:07:58","4885.0"
"582","58","2024-07-14 16:07:58","4406.97"
"583","58","2024-07-15 16:07:58","4537.18"
"584","58","2024-08-06 16:07:58","4433.01"
"585","58","2024-08-17 16:07:58","4013.36"
"586","59","2024-09-08 17:05:43","2673.04"
"587","59","2024-09-23 17:05:43","1789.5"
"588","59","2024-10-18 17:05:43","2120.39"
"589","59","2024-11-16 17:05:43","2644.62"
"590","59","2024-11-27 17:05:43","2329.54"
"591","59","2024-12-09 17:05:43","1740.96"
"592","59","2024-12-15 17:05:43","1179.3"
"593","59","2024-12-24 17:05:43","542.48"
"594","59","2025-01-10 17:05:43","1307.33"
"595","59","2025-01-26 17:05:43","2200.64"
"596","60","2024-09-15 16:04:53","0"
"597","60","2024-09-23 16:04:53","0"
"598","60","2024-09-30 16:04:53","409.54"
"599","60","2024-10-01 16:04:53","0"
"600","60","2024-10-25 16:04:53","618.13"
"601","60","2024-11-07 16:04:53","17.65"
"602","60","2024-12-06 16:04:53","629.4"
"603","61","2024-05-13 20:08:45","7185.83"
"604","61","2024-05-20 20:08:45","6946.33"
"605","61","2024-05-28 20:08:45","6428.82"
"606","61","2024-06-10 20:08:45","7334.75"
"607","61","2024-06-28 20:08:45","7892.64"
"608","61","2024-07-14 20:08:45","8307.57"
"609","61","2024-07-27 20:08:45","8114.41"
"610","61","2024-08-14 20:08:45","7809.63"
"611","61","2024-08-29 20:08:45","8785.54"
"612","62","2024-06-05 13:19:42","5371.31"
"613","62","2024-07-05 13:19:42","5052.83"
"614","62","2024-07-07 13:19:42","4881.35"
"615","62","2024-08-02 13:19:42","5582.4"
"616","62","2024-08-07 13:19:42","6289.24"
"617","62","2024-09-06 13:19:42","5395.8"
"618","62","2024-09-16 13:19:42","4909.18"
"619","62","2024-10-01 13:19:42","4130.09"
"620","62","2024-10-19 13:19:42","3927.26"
"621","62","2024-11-13 13:19:42","3236.83"
"622","62","2024-12-02 13:19:42","3121.43"
"623","62","2024-12-21 13:19:42","3390.12"
"624","62","2024-12-27 13:19:42","2494.26"
"625","62","2025-01-09 13:19:42","2990.8"
"626","63","2024-07-12 12:25:44","1443.22"
"627","63","2024-07-28 12:25:44","2374.14"
"628","63","2024-08-08 12:25:44","2325.04"
"629","63","2024-08-18 12:25:44","2104.47"
"630","63","2024-08-27 12:25:44","1234.74"
"631","63","2024-09-12 12:25:44","1079.3"
"632","63","2024-09-27 12:25:44","1387.84"
"633","64","2024-09-04 23:05:04","717.45"
"634","64","2024-10-04 23:05:04","890.45"
"635","64","2024-10-19 23:05:04","172.59"
"636","64","2024-11-01 23:05:04","195.36"
"637","64","2024-11-30 23:05:04","0"
"638","64","2024-12-11 23:05:04","457.25"
"639","64","2024-12-23 23:05:04","44.23"
"640","64","2025-01-07 23:05:04","0"
"641","64","2025-01-25 23:05:04","0"
"642","64","2025-02-04 23:05:04","963.78"
"643","64","2025-02-07 23:05:04","357.36"
"644","64","2025-02-24 23:05:04","44.27"
"645","64","2025-03-04 23:05:04","574.94"
"646","64","2025-03-11 23:05:04","1251.56"
"647","64","2025-04-01 23:05:04","2028.86"
"648","65","2024-06-07 02:11:53","973.24"
"649","65","2024-06-29 02:11:53","66.78"
"650","65","2024-07-21 02:11:53","0"
"651","65","2024-08-10 02:11:53","259.15"
"652","65","2024-08-27 02:11:53","0"
"653","65","2024-08-29 02:11:53","580.76"
"654","65","2024-09-01 02:11:53","20.64"
"655","65","2024-10-01 02:11:53","0"
"656","65","2024-10-03 02:11:53","941.37"
"657","65","2024-10-16 02:11:53","257.62"
"658","65","2024-10-20 02:11:53","889.56"
"659","65","2024-11-05 02:11:53","607.63"
"660","65","2024-11-15 02:11:53","183.86"
"661","65","2024-11-18 02:11:53","807.78"
"662","66","2024-08-08 04:11:42","1055.83"
"663","66","2024-08-17 04:11:42","783.24"
"664","66","2024-09-03 04:11:42","37.71"
"665","66","2024-09-09 04:11:42","0"
"666","66","2024-10-08 04:11:42","0"
"667","66","2024-10-30 04:11:42","138.95"
"668","66","2024-11-06 04:11:42","0"
"669","66","2024-12-06 04:11:42","0"
"670","66","2024-12-09 04:11:42","285.01"
"671","67","2024-09-10 02:03:01","8422.07"
"672","67","2024-10-09 02:03:01","8994.78"
"673","67","2024-10-25 02:03:01","9266.76"
"674","67","2024-11-23 02:03:01","8652.94"
"675","67","2024-11-25 02:03:01","7961.41"
"676","68","2024-02-23 19:45:46","6892.38"
"677","68","2024-03-11 19:45:46","7055.94"
"678","68","2024-03-17 19:45:46","7391.29"
"679","68","2024-04-16 19:45:46","7923.4"
"680","68","2024-05-13 19:45:46","8184.02"
"681","68","2024-06-05 19:45:46","8118.67"
"682","68","2024-07-01 19:45:46","8326.7"
"683","68","2024-07-28 19:45:46","8779.69"
"684","68","2024-08-18 19:45:46","8592.75"
"685","68","2024-09-08 19:45:46","7987.94"
"686","69","2024-04-12 01:26:46","5612.82"
"687","69","2024-05-01 01:26:46","5364.88"
"688","69","2024-05-24 01:26:46","6332.37"
"689","69","2024-06-18 01:26:46","6577.7"
"690","69","2024-07-11 01:26:46","6922.2"
"691","69","2024-07-26 01:26:46","7648.98"
"692","69","2024-08-15 01:26:46","7197.71"
"693","69","2024-08-27 01:26:46","8107.22"
"694","69","2024-09-24 01:26:46","7250.12"
"695","69","2024-10-08 01:26:46","6523.27"
"696","69","2024-10-29 01:26:46","6384.91"
"697","69","2024-11-21 01:26:46","5670.48"
"698","69","2024-12-10 01:26:46","4893.66"
"699","69","2024-12-24 01:26:46","4081.42"
"700","69","2025-01-23 01:26:46","3270.25"
"701","70","2024-06-08 10:03:37","4306.87"
"702","70","2024-06-21 10:03:37","3312.22"
"703","70","2024-07-06 10:03:37","4195.9"
"704","70","2024-07-20 10:03:37","4294.73"
"705","70","2024-07-27 10:03:37","4822.93"
"706","70","2024-08-23 10:03:37","4807.67"
"707","70","2024-08-29 10:03:37","5157.91"
"708","70","2024-09-01 10:03:37","5675.76"
"709","70","2024-09-12 10:03:37","5516.12"
"710","71","2024-03-03 09:05:29","10819.55"
"711","71","2024-03-27 09:05:29","11213.11"
"712","71","2024-04-01 09:05:29","10444.11"
"713","71","2024-04-07 09:05:29","10430.41"
"714","71","2024-04-30 09:05:29","10949.96"
"715","71","2024-05-10 09:05:29","11161.75"
"716","71","2024-05-22 09:05:29","11498.09"
"717","71","2024-06-09 09:05:29","11105.98"
"718","71","2024-07-08 09:05:29","10263.52"
"719","71","2024-07-15 09:05:29","10242.53"
"720","71","2024-07-23 09:05:29","11046.93"
"721","71","2024-08-07 09:05:29","10218.78"
"722","71","2024-08-15 09:05:29","10027.67"
"723","71","2024-08-20 09:05:29","9393.79"
"724","72","2024-09-21 01:36:42","811.34"
"725","72","2024-10-20 01:36:42","1246.84"
"726","72","2024-11-11 01:36:42","1102.11"
"727","72","2024-11-15 01:36:42","197.82"
"728","72","2024-11-18 01:36:42","0"
"729","72","2024-12-17 01:36:42","0"
"730","72","2025-01-02 01:36:42","17.09"
"731","72","2025-01-15 01:36:42","686.22"
"732","72","2025-01-30 01:36:42","1496.58"
"733","72","2025-02-18 01:36:42","2159.56"
"734","72","2025-03-20 01:36:42","2893.06"
"735","72","2025-04-07 01:36:42","1999.66"
"736","72","2025-04-20 01:36:42","2327.25"
"737","72","2025-04-26 01:36:42","1658.23"
"738","72","2025-05-06 01:36:42","1216.21"
"739","73","2024-04-15 14:02:32","10290.64"
"740","73","2024-05-04 14:02:32","10920.1"
"741","73","2024-05-23 14:02:32","9949.28"
"742","73","2024-06-07 14:02:32","10245.7"
"743","73","2024-06-17 14:02:32","9598.23"
"744","73","2024-06-20 14:02:32","9503.55"
"745","73","2024-07-06 14:02:32","10149.1"
"746","73","2024-07-17 14:02:32","9211.83"
"747","74","2024-01-07 11:42:07","5828.71"
"748","74","2024-01-08 11:42:07","5512.52"
"749","74","2024-01-19 11:42:07","6123.59"
"750","74","2024-02-12 11:42:07","5861.46"
"751","74","2024-02-26 11:42:07","5212.26"
"752","74","2024-03-12 11:42:07","5228.8"
"753","74","2024-04-08 11:42:07","4867.95"
"754","74","2024-05-02 11:42:07","5269.22"
"755","74","2024-05-17 11:42:07","4981.02"
"756","74","2024-05-29 11:42:07","4369.84"
"757","74","2024-05-31 11:42:07","4988.01"
"758","74","2024-06-01 11:42:07","5377.74"
"759","74","2024-06-19 11:42:07","4848.89"
"760","74","2024-07-11 11:42:07","4969.15"
"761","74","2024-08-03 11:42:07","5630.16"
"762","75","2023-12-15 12:15:30","9600.32"
"763","75","2024-01-10 12:15:30","9873.08"
"764","75","2024-01-25 12:15:30","9490.0"
"765","75","2024-01-30 12:15:30","9649.07"
"766","75","2024-02-01 12:15:30","10351.35"
"767","76","2024-03-28 08:08:55","2052.1"
"768","76","2024-04-04 08:08:55","1249.94"
"769","76","2024-04-28 08:08:55","1783.45"
"770","76","2024-05-02 08:08:55","1505.01"
"771","76","2024-05-22 08:08:55","763.87"
"772","76","2024-06-04 08:08:55","817.97"
"773","76","2024-06-28 08:08:55","1190.51"
"774","76","2024-07-06 08:08:55","559.87"
"775","77","2024-06-21 11:31:51","5376.64"
"776","77","2024-07-10 11:31:51","6180.19"
"777","77","2024-07-26 11:31:51","5359.19"
"778","77","2024-08-18 11:31:51","5804.58"
"779","77","2024-08-25 11:31:51","5129.84"
"780","77","2024-08-28 11:31:51","4495.7"
"781","77","2024-09-21 11:31:51","5088.15"
"782","77","2024-10-21 11:31:51","5191.55"
"783","78","2024-02-27 12:47:17","4065.01"
"784","78","2024-03-26 12:47:17","3629.05"
"785","78","2024-04-09 12:47:17","3129.64"
"786","78","2024-05-04 12:47:17","3791.48"
"787","78","2024-05-10 12:47:17","2859.91"
"788","78","2024-06-09 12:47:17","2013.38"
"789","78","2024-06-11 12:47:17","2596.86"
"790","78","2024-07-11 12:47:17","2695.7"
"791","78","2024-08-09 12:47:17","2432.41"
"792","78","2024-08-22 12:47:17","2084.08"
"793","78","2024-09-04 12:47:17","2610.93"
"794","79","2024-06-26 08:57:39","9450.15"
"795","79","2024-07-19 08:57:39","8652.46"
"796","79","2024-08-10 08:57:39","8825.82"
"797","79","2024-08-11 08:57:39","9774.23"
"798","79","2024-08-25 08:57:39","10726.1"
"799","79","2024-09-15 08:57:39","10636.32"
"800","79","2024-10-05 08:57:39","11107.7"
"801","79","2024-10-16 08:57:39","10600.3"
"802","79","2024-10-24 08:57:39","10904.72"
"803","79","2024-10-27 08:57:39","10196.91"
"804","79","2024-11-13 08:57:39","10010.41"
"805","79","2024-12-06 08:57:39","10011.71"
"806","79","2024-12-21 08:57:39","10317.1"
"807","79","2025-01-08 08:57:39","10166.34"
"808","80","2024-11-17 04:29:05","7033.41"
"809","80","2024-11-28 04:29:05","6742.88"
"810","80","2024-11-29 04:29:05","7043.68"
"811","80","2024-12-12 04:29:05","6758.57"
"812","80","2025-01-02 04:29:05","6656.34"
"813","80","2025-02-01 04:29:05","5833.5"
"814","80","2025-02-18 04:29:05","6786.94"
"815","81","2024-10-03 13:28:41","7690.32"
"816","81","2024-10-05 13:28:41","7302.86"
"817","81","2024-11-01 13:28:41","8006.54"
"818","81","2024-11-06 13:28:41","8524.99"
"819","81","2024-11-23 13:28:41","9465.11"
"820","81","2024-12-13 13:28:41","8540.62"
"821","81","2024-12-30 13:28:41","8244.19"
"822","81","2025-01-08 13:28:41","8250.92"
"823","81","2025-01-27 13:28:41","8021.29"
"824","81","2025-01-31 13:28:41","7321.74"
"825","81","2025-02-19 13:28:41","6838.34"
"826","81","2025-03-02 13:28:41","6460.0"
"827","81","2025-03-03 13:28:41","6752.59"
"828","82","2024-03-02 11:55:14","9252.09"
"829","82","2024-03-26 11:55:14","10056.61"
"830","82","2024-03-27 11:55:14","9527.82"
"831","82","2024-04-17 11:55:14","8660.35"
"832","82","2024-04-30 11:55:14","8645.52"
"833","82","2024-05-22 11:55:14","9095.7"
"834","82","2024-05-24 11:55:14","9828.51"
"835","83","2024-07-17 00:15:02","4148.94"
"836","83","2024-07-28 00:15:02","3181.79"
"837","83","2024-08-25 00:15:02","2720.32"
"838","83","2024-08-29 00:15:02","2804.08"
"839","83","2024-09-20 00:15:02","3707.41"
"840","83","2024-09-21 00:15:02","3444.37"
"841","83","2024-10-13 00:15:02","3003.74"
"842","83","2024-11-08 00:15:02","2062.61"
"843","83","2024-12-01 00:15:02","2742.03"
"844","83","2024-12-16 00:15:02","2353.28"
"845","83","2024-12-26 00:15:02","1826.54"
"846","83","2025-01-20 00:15:02","1359.27"
"847","84","2024-08-04 18:29:16","990.16"
"848","84","2024-08-09 18:29:16","1468.81"
"849","84","2024-08-14 18:29:16","1153.98"
"850","84","2024-08-25 18:29:16","505.52"
"851","84","2024-09-15 18:29:16","821.52"
"852","84","2024-10-07 18:29:16","1228.75"
"853","84","2024-10-31 18:29:16","1287.83"
"854","84","2024-11-12 18:29:16","2149.55"
"855","84","2024-12-12 18:29:16","2037.72"
"856","85","2024-01-18 07:21:47","9772.92"
"857","85","2024-01-29 07:21:47","9379.15"
"858","85","2024-02-17 07:21:47","9692.85"
"859","85","2024-03-04 07:21:47","10129.65"
"860","85","2024-03-06 07:21:47","10366.43"
"861","86","2024-04-24 03:41:55","8844.89"
"862","86","2024-04-27 03:41:55","9051.14"
"863","86","2024-05-27 03:41:55","9119.79"
"864","86","2024-06-15 03:41:55","8526.61"
"865","86","2024-06-27 03:41:55","9098.5"
"866","87","2024-05-11 17:29:34","8479.77"
"867","87","2024-06-03 17:29:34","9426.47"
"868","87","2024-06-18 17:29:34","9027.9"
"869","87","2024-07-17 17:29:34","8571.88"
"870","87","2024-07-29 17:29:34","7890.14"
"871","87","2024-08-25 17:29:34","7861.91"
"872","87","2024-09-12 17:29:34","8536.49"
"873","87","2024-10-06 17:29:34","8754.47"
"874","87","2024-10-22 17:29:34","9559.42"
"875","87","2024-11-04 17:29:34","9474.59"
"876","87","2024-11-13 17:29:34","8570.39"
"877","87","2024-11-19 17:29:34","8269.02"
"878","87","2024-11-25 17:29:34","8661.51"
"879","87","2024-12-24 17:29:34","8771.52"
"880","88","2024-10-04 07:28:19","9863.13"
"881","88","2024-10-22 07:28:19","9912.87"
"882","88","2024-11-08 07:28:19","10599.83"
"883","88","2024-11-20 07:28:19","10014.69"
"884","88","2024-11-28 07:28:19","9644.5"
"885","88","2024-12-11 07:28:19","9458.21"
"886","88","2025-01-05 07:28:19","10160.74"
"887","88","2025-01-07 07:28:19","9420.2"
"888","88","2025-01-16 07:28:19","8830.41"
"889","88","2025-01-22 07:28:19","9060.45"
"890","88","2025-02-10 07:28:19","9606.0"
"891","88","2025-03-02 07:28:19","8971.57"
"892","88","2025-04-01 07:28:19","8238.14"
"893","89","2024-09-09 21:22:23","2410.51"
"894","89","2024-10-05 21:22:23","3018.7"
"895","89","2024-10-21 21:22:23","2734.22"
"896","89","2024-11-18 21:22:23","3207.28"
"897","89","2024-12-11 21:22:23","2836.01"
"898","89","2024-12-31 21:22:23","3782.23"
"899","89","2025-01-14 21:22:23","3758.12"
"900","90","2024-07-10 01:00:37","7955.25"
"901","90","2024-07-17 01:00:37","7227.58"
"902","90","2024-08-01 01:00:37","6641.17"
"903","90","2024-08-20 01:00:37","5962.41"
"904","90","2024-08-29 01:00:37","5248.35"
"905","90","2024-09-14 01:00:37","4387.74"
"906","90","2024-10-14 01:00:37","5234.26"
"907","90","2024-10-26 01:00:37","4311.2"
"908","90","2024-11-15 01:00:37","5286.0"
"909","90","2024-11-21 01:00:37","5665.83"
"910","90","2024-12-10 01:00:37","4843.53"
"911","90","2024-12-25 01:00:37","4286.1"
"912","90","2025-01-04 01:00:37","3871.83"
"913","90","2025-01-29 01:00:37","4215.2"
"914","90","2025-02-10 01:00:37","4380.78"
"915","91","2024-05-03 17:15:29","2586.57"
"916","91","2024-05-29 17:15:29","3514.9"
"917","91","2024-06-12 17:15:29","3634.89"
"918","91","2024-07-05 17:15:29","4035.54"
"919","91","2024-07-06 17:15:29","4590.03"
"920","91","2024-07-18 17:15:29","4991.15"
"921","91","2024-08-07 17:15:29","4372.54"
"922","92","2024-06-17 20:19:45","227.35"
"923","92","2024-07-15 20:19:45","329.03"
"924","92","2024-07-16 20:19:45","1224.19"
"925","92","2024-07-25 20:19:45","1815.34"
"926","92","2024-07-30 20:19:45","1736.57"
"927","92","2024-08-07 20:19:45","1402.97"
"928","92","2024-08-29 20:19:45","952.57"
"929","92","2024-09-09 20:19:45","467.43"
"930","92","2024-09-23 20:19:45","1099.37"
"931","92","2024-10-14 20:19:45","202.32"
"932","92","2024-10-27 20:19:45","624.5"
"933","92","2024-11-16 20:19:45","811.22"
"934","92","2024-11-29 20:19:45","79.35"
"935","93","2024-01-02 14:56:25","6044.58"
"936","93","2024-01-20 14:56:25","6200.05"
"937","93","2024-02-05 14:56:25","6598.35"
"938","93","2024-02-21 14:56:25","7157.67"
"939","93","2024-03-10 14:56:25","7725.11"
"940","93","2024-03-14 14:56:25","8339.9"
"941","94","2024-11-18 06:40:35","8473.28"
"942","94","2024-11-23 06:40:35","8395.7"
"943","94","2024-12-14 06:40:35","7470.37"
"944","94","2024-12-24 06:40:35","8274.79"
"945","94","2025-01-19 06:40:35","8119.55"
"946","94","2025-02-04 06:40:35","8893.06"
"947","94","2025-03-06 06:40:35","9520.89"
"948","94","2025-03-25 06:40:35","9656.57"
"949","94","2025-03-29 06:40:35","8757.04"
"950","95","2024-09-18 06:30:07","8773.34"
"951","95","2024-10-15 06:30:07","8017.94"
"952","95","2024-10-28 06:30:07","8582.21"
"953","95","2024-11-16 06:30:07","8389.15"
"954","95","2024-12-13 06:30:07","8007.45"
"955","95","2024-12-31 06:30:07","8948.98"
"956","95","2025-01-30 06:30:07","9618.46"
"957","95","2025-02-15 06:30:07","10329.55"
"958","95","2025-03-11 06:30:07","11217.41"
"959","96","2024-07-30 08:27:09","8844.42"
"960","96","2024-08-29 08:27:09","9571.95"
"961","96","2024-09-08 08:27:09","10093.66"
"962","96","2024-09-27 08:27:09","9479.37"
"963","96","2024-10-11 08:27:09","9878.83"
"964","96","2024-10-25 08:27:09","9946.47"
"965","96","2024-11-20 08:27:09","9911.13"
"966","97","2024-07-04 00:59:22","2094.74"
"967","97","2024-07-16 00:59:22","1329.76"
"968","97","2024-07-17 00:59:22","833.7"
"969","97","2024-07-28 00:59:22","22.65"
"970","97","2024-08-06 00:59:22","490.34"
"971","97","2024-08-14 00:59:22","0"
"972","97","2024-08-29 00:59:22","0"
"973","97","2024-09-01 00:59:22","149.36"
"974","98","2024-01-12 10:54:56","9308.34"
"975","98","2024-01-16 10:54:56","9403.7"
"976","98","2024-02-02 10:54:56","8984.64"
"977","98","2024-02-04 10:54:56","8507.36"
"978","98","2024-02-20 10:54:56","8413.96"
"979","98","2024-03-04 10:54:56","7896.18"
"980","98","2024-03-11 10:54:56","8316.65"
"981","98","2024-03-24 10:54:56","7572.48"
"982","98","2024-03-25 10:54:56","8487.48"
"983","98","2024-04-09 10:54:56","8104.43"
"984","98","2024-05-03 10:54:56","7806.22"
"985","99","2024-11-03 06:00:16","3502.2"
"986","99","2024-11-30 06:00:16","3188.61"
"987","99","2024-12-01 06:00:16","4143.39"
"988","99","2024-12-09 06:00:16","3875.36"
"989","99","2024-12-10 06:00:16","3640.17"
