"0","0","83","96"
"1","0","1303","6"
"2","0","1601","65"
"3","0","1257","89"
"4","0","1643","23"
"5","0","1268","45"
"6","0","236","62"
"7","0","941","52"
"8","0","257","18"
"9","0","884","9"
"10","0","21","79"
"11","0","1745","86"
"12","0","114","1"
"13","0","1095","1"
"14","1","200","64"
"15","1","741","83"
"16","1","1507","88"
"17","1","899","81"
"18","1","693","56"
"19","1","72","45"
"20","1","389","87"
"21","1","799","18"
"22","1","1285","39"
"23","1","95","15"
"24","1","1023","6"
"25","1","835","90"
"26","1","1811","65"
"27","1","32","86"
"28","1","501","94"
"29","1","1922","95"
"30","1","510","59"
"31","1","571","81"
"32","1","1987","87"
"33","1","504","51"
"34","1","162","33"
"35","1","1873","38"
"36","2","842","48"
"37","2","1499","13"
"38","2","884","83"
"39","2","773","17"
"40","2","7","34"
"41","2","1583","17"
"42","2","1972","52"
"43","2","1232","50"
"44","2","746","47"
"45","2","439","36"
"46","2","1887","2"
"47","2","1771","87"
"48","2","1108","61"
"49","2","661","85"
"50","2","1071","55"
"51","2","452","57"
"52","2","1983","15"
"53","2","865","62"
"54","2","1791","74"
"55","2","623","56"
"56","2","1579","95"
"57","2","1344","8"
"58","3","896","57"
"59","3","1194","8"
"60","3","579","52"
"61","4","142","59"
"62","4","481","81"
"63","4","576","48"
"64","4","1635","98"
"65","4","198","84"
"66","4","709","47"
"67","4","605","86"
"68","4","1314","92"
"69","4","740","26"
"70","4","1020","43"
"71","4","505","92"
"72","4","1614","64"
"73","4","830","100"
"74","4","1189","70"
"75","4","259","91"
"76","4","1607","44"
"77","4","1723","95"
"78","4","1711","1"
"79","4","1456","46"
"80","4","426","34"
"81","5","118","45"
"82","5","427","25"
"83","5","1105","73"
"84","5","1004","41"
"85","5","673","82"
"86","5","1994","26"
"87","5","972","72"
"88","5","1652","60"
"89","5","1468","40"
"90","5","1792","84"
"91","5","590","77"
"92","5","1430","64"
"93","5","581","85"
"94","5","1418","16"
"95","5","543","71"
"96","5","815","44"
"97","5","1896","99"
"98","6","1557","74"
"99","7","1861","56"
"100","7","1801","5"
"101","7","1992","18"
"102","7","600","35"
"103","7","1161","7"
"104","7","20","98"
"105","7","506","59"
"106","7","727","12"
"107","7","170","63"
"108","7","970","63"
"109","7","1651","65"
"110","7","337","76"
"111","7","700","9"
"112","7","192","85"
"113","7","779","13"
"114","7","118","46"
"115","7","750","94"
"116","8","1098","50"
"117","8","925","16"
"118","8","1078","94"
"119","8","1173","61"
"120","8","189","29"
"121","8","1323","7"
"122","8","1861","88"
"123","8","482","2"
"124","8","879","39"
"125","8","225","70"
"126","8","381","42"
"127","8","1940","85"
"128","8","1822","80"
"129","8","804","28"
"130","8","1201","44"
"131","8","205","27"
"132","8","602","72"
"133","8","1024","67"
"134","8","823","100"
"135","8","185","22"
"136","8","1619","76"
"137","8","1476","67"
"138","8","1427","63"
"139","8","121","17"
"140","8","704","54"
"141","8","1148","14"
"142","8","933","61"
"143","8","148","2"
"144","8","982","82"
"145","8","201","56"
"146","8","568","35"
"147","8","1840","7"
"148","8","1942","89"
"149","8","1517","3"
"150","8","999","34"
"151","8","1033","94"
"152","8","1227","68"
"153","8","1927","31"
"154","9","219","49"
"155","9","366","72"
"156","9","202","12"
"157","9","1080","74"
"158","9","1364","51"
"159","9","111","10"
"160","9","1273","17"
"161","9","1195","72"
"162","9","1545","34"
"163","9","224","61"
"164","9","674","100"
"165","9","534","89"
"166","9","385","87"
"167","9","1516","92"
"168","9","1314","45"
"169","9","880","75"
"170","9","1393","64"
"171","9","1133","98"
"172","9","347","28"
"173","9","1751","94"
"174","9","926","91"
"175","9","606","85"
"176","9","1969","77"
"177","9","1059","58"
"178","9","1014","59"
"179","9","209","68"
"180","9","367","98"
"181","9","1599","3"
"182","10","64","37"
"183","10","782","10"
"184","10","1871","48"
"185","10","1454","25"
"186","10","1379","38"
"187","10","713","18"
"188","10","1877","35"
"189","10","1525","91"
"190","10","1729","70"
"191","10","1400","25"
"192","10","1039","97"
"193","10","1627","58"
"194","10","1810","83"
"195","10","955","88"
"196","10","1215","58"
"197","10","1957","29"
"198","10","361","12"
"199","10","101","23"
"200","10","373","16"
"201","10","1057","71"
"202","10","576","77"
"203","10","137","38"
"204","10","1180","96"
"205","10","1140","9"
"206","10","1067","72"
"207","10","1988","40"
"208","10","1501","13"
"209","11","1387","32"
"210","11","1708","8"
"211","11","31","99"
"212","11","531","87"
"213","11","1965","45"
"214","11","72","71"
"215","11","347","92"
"216","11","1507","3"
"217","11","951","90"
"218","11","721","46"
"219","11","1836","86"
"220","11","1069","49"
"221","11","323","8"
"222","11","184","19"
"223","11","1414","57"
"224","11","283","51"
"225","11","675","28"
"226","11","1208","8"
"227","11","786","81"
"228","11","247","26"
"229","11","1731","76"
"230","11","399","94"
"231","11","607","8"
"232","11","217","34"
"233","11","379","51"
"234","11","255","99"
"235","11","1318","52"
"236","11","1339","89"
"237","11","1774","18"
"238","11","1459","28"
"239","11","1072","58"
"240","11","807","60"
"241","11","502","39"
"242","11","1461","39"
"243","11","38","37"
"244","12","391","60"
"245","12","62","84"
"246","12","171","53"
"247","12","1049","16"
"248","12","1817","41"
"249","12","1469","20"
"250","12","1478","25"
"251","12","619","16"
"252","12","1607","52"
"253","12","328","91"
"254","12","1380","91"
"255","12","1143","34"
"256","12","321","23"
"257","12","1205","77"
"258","13","1412","62"
"259","13","1062","16"
"260","13","456","69"
"261","13","49","35"
"262","13","809","18"
"263","13","1030","11"
"264","13","974","45"
"265","13","639","56"
"266","13","1174","92"
"267","13","1187","55"
"268","13","428","10"
"269","13","1730","97"
"270","13","1213","82"
"271","13","73","9"
"272","13","678","12"
"273","13","1540","69"
"274","14","1323","71"
"275","14","1443","59"
"276","14","1125","38"
"277","14","1868","94"
"278","14","1494","4"
"279","14","1931","74"
"280","14","1055","2"
"281","14","366","76"
"282","14","554","65"
"283","14","971","52"
"284","14","1207","10"
"285","14","938","14"
"286","14","1662","55"
"287","14","1064","29"
"288","14","978","60"
"289","14","1135","79"
"290","14","1238","13"
"291","14","233","73"
"292","14","1445","23"
"293","14","289","15"
"294","14","1579","83"
"295","14","1148","62"
"296","14","890","94"
"297","14","1105","36"
"298","14","696","89"
"299","14","171","10"
"300","15","233","90"
"301","15","1828","77"
"302","15","496","54"
"303","15","1006","5"
"304","16","1537","4"
"305","16","1076","44"
"306","16","87","29"
"307","16","613","73"
"308","16","1706","68"
"309","16","819","81"
"310","16","800","86"
"311","16","961","93"
"312","16","387","86"
"313","16","1161","67"
"314","16","165","45"
"315","16","30","87"
"316","16","1900","55"
"317","16","261","94"
"318","16","1699","11"
"319","16","652","48"
"320","16","354","75"
"321","16","1215","54"
"322","16","172","54"
"323","16","277","28"
"324","16","411","86"
"325","16","1415","97"
"326","16","283","66"
"327","16","1526","89"
"328","16","598","13"
"329","16","1739","12"
"330","16","720","58"
"331","16","1978","70"
"332","17","322","30"
"333","17","161","11"
"334","17","1505","31"
"335","17","1354","85"
"336","17","897","82"
"337","17","138","48"
"338","17","1142","8"
"339","17","250","38"
"340","17","1073","45"
"341","17","1464","62"
"342","17","173","32"
"343","17","127","46"
"344","17","689","38"
"345","17","158","31"
"346","17","263","24"
"347","17","1059","67"
"348","17","510","52"
"349","17","1387","19"
"350","17","638","32"
"351","17","133","83"
"352","17","367","79"
"353","17","1668","51"
"354","17","204","76"
"355","17","662","75"
"356","17","1429","52"
"357","17","1322","55"
"358","18","339","60"
"359","18","1153","86"
"360","18","599","30"
"361","18","1648","32"
"362","18","1712","25"
"363","18","1644","66"
"364","18","1346","60"
"365","18","215","77"
"366","18","661","99"
"367","18","659","3"
"368","18","875","21"
"369","18","1640","42"
"370","18","1081","32"
"371","18","153","93"
"372","18","1377","90"
"373","18","176","67"
"374","18","1310","14"
"375","18","1071","92"
"376","18","385","94"
"377","18","1708","49"
"378","18","116","38"
"379","18","499","95"
"380","18","509","99"
"381","18","1161","9"
"382","18","1253","19"
"383","18","1799","18"
"384","18","1822","47"
"385","18","1607","2"
"386","18","1994","69"
"387","18","108","15"
"388","19","1822","27"
"389","19","1165","40"
"390","19","1223","92"
"391","19","1425","45"
"392","19","1924","4"
"393","19","962","75"
"394","19","1948","70"
"395","19","1435","67"
"396","19","1483","29"
"397","19","772","69"
"398","19","80","47"
"399","19","304","11"
"400","19","1571","85"
"401","19","74","95"
"402","19","589","100"
"403","19","400","94"
"404","19","925","42"
"405","19","528","5"
"406","19","1004","73"
"407","20","1425","13"
"408","20","743","36"
"409","20","573","82"
"410","20","848","36"
"411","20","1085","6"
"412","20","229","79"
"413","20","1418","32"
"414","20","1569","13"
"415","20","140","93"
"416","20","976","91"
"417","20","1871","6"
"418","20","855","31"
"419","20","1984","44"
"420","20","212","93"
"421","20","1231","65"
"422","20","1421","36"
"423","20","1507","73"
"424","20","1","43"
"425","20","737","4"
"426","20","1082","53"
"427","20","634","22"
"428","20","1084","34"
"429","20","627","72"
"430","20","1248","22"
"431","20","1393","87"
"432","20","978","99"
"433","21","829","93"
"434","21","167","88"
"435","21","1023","19"
"436","21","527","89"
"437","21","1620","68"
"438","21","926","90"
"439","21","1942","52"
"440","21","1563","1"
"441","21","1347","43"
"442","21","1094","3"
"443","21","1841","42"
"444","21","1058","53"
"445","21","1952","46"
"446","21","1156","12"
"447","21","800","52"
"448","21","1261","60"
"449","21","1711","44"
"450","21","1558","94"
"451","21","851","30"
"452","21","151","58"
"453","21","1741","49"
"454","21","1313","46"
"455","21","1376","62"
"456","21","274","25"
"457","21","372","40"
"458","21","1635","17"
"459","21","1849","78"
"460","21","1316","86"
"461","21","336","18"
"462","21","1723","18"
"463","21","944","69"
"464","21","134","12"
"465","21","1819","26"
"466","21","1163","7"
"467","21","1712","68"
"468","21","513","61"
"469","21","1944","11"
"470","21","1430","95"
"471","22","1898","44"
"472","22","1964","23"
"473","22","1203","94"
"474","22","1729","3"
"475","22","1186","60"
"476","22","1901","10"
"477","22","1049","75"
"478","22","1746","26"
"479","22","381","96"
"480","22","1295","3"
"481","22","1371","27"
"482","22","1680","48"
"483","22","413","62"
"484","22","817","81"
"485","22","316","1"
"486","22","1484","70"
"487","22","101","32"
"488","22","311","79"
"489","22","851","32"
"490","22","1065","41"
"491","23","1969","76"
"492","23","597","77"
"493","23","91","39"
"494","23","1330","98"
"495","23","670","49"
"496","23","814","93"
"497","23","689","56"
"498","23","1785","26"
"499","23","246","58"
"500","23","810","53"
"501","23","880","81"
"502","23","1459","21"
"503","24","811","31"
"504","24","802","87"
"505","24","1159","47"
"506","24","1491","28"
"507","24","1009","35"
"508","24","1668","36"
"509","24","1521","62"
"510","24","1716","2"
"511","24","1329","66"
"512","24","636","97"
"513","24","1371","19"
"514","24","1421","31"
"515","24","1481","38"
"516","24","981","22"
"517","24","1136","14"
"518","24","1855","72"
"519","24","815","46"
"520","24","1185","53"
"521","24","265","76"
"522","24","18","99"
"523","24","233","53"
"524","24","889","40"
"525","25","1443","57"
"526","25","1039","50"
"527","25","123","22"
"528","25","1271","80"
"529","25","1573","99"
"530","25","16","4"
"531","25","508","87"
"532","25","253","99"
"533","25","963","32"
"534","25","945","54"
"535","25","1650","42"
"536","25","282","85"
"537","25","1999","31"
"538","25","1518","88"
"539","25","96","29"
"540","25","1754","15"
"541","25","1212","57"
"542","25","978","45"
"543","26","89","3"
"544","26","294","17"
"545","26","785","46"
"546","26","695","46"
"547","26","1825","45"
"548","26","216","3"
"549","26","1687","99"
"550","26","1718","57"
"551","26","1704","32"
"552","26","1258","73"
"553","26","922","22"
"554","26","1146","63"
"555","26","1263","11"
"556","26","1894","29"
"557","26","1086","81"
"558","26","1019","8"
"559","26","941","30"
"560","26","1548","24"
"561","27","1864","65"
"562","27","353","42"
"563","27","1256","70"
"564","27","973","85"
"565","27","664","45"
"566","27","975","97"
"567","27","698","86"
"568","27","1496","25"
"569","27","1305","21"
"570","27","1147","59"
"571","27","915","24"
"572","27","1996","83"
"573","27","1490","82"
"574","27","1421","8"
"575","27","593","6"
"576","27","965","13"
"577","27","1298","15"
"578","27","1826","25"
"579","27","607","89"
"580","27","390","57"
"581","27","881","34"
"582","27","1804","17"
"583","27","1112","62"
"584","27","812","47"
"585","27","1598","54"
"586","27","643","100"
"587","27","1658","30"
"588","27","1768","53"
"589","27","746","89"
"590","27","392","38"
"591","27","406","75"
"592","27","1999","38"
"593","28","516","20"
"594","28","968","25"
"595","28","262","76"
"596","28","1878","5"
"597","28","1420","95"
"598","28","953","14"
"599","28","1689","65"
"600","28","1769","58"
"601","28","1760","37"
"602","28","1075","83"
"603","28","170","3"
"604","28","279","21"
"605","28","1970","73"
"606","28","1626","59"
"607","28","119","18"
"608","28","1264","82"
"609","28","1336","1"
"610","28","15","51"
"611","28","178","73"
"612","28","1754","76"
"613","28","1890","36"
"614","28","684","85"
"615","28","1179","86"
"616","29","438","26"
"617","29","881","37"
"618","29","223","96"
"619","29","1281","18"
"620","29","479","45"
"621","29","437","47"
"622","29","113","66"
"623","29","585","24"
"624","29","417","14"
"625","29","1911","37"
"626","29","237","74"
"627","29","8","77"
"628","29","1321","34"
"629","29","717","67"
"630","30","183","24"
"631","30","834","7"
"632","30","17","97"
"633","30","214","21"
"634","30","1647","2"
"635","30","1943","9"
"636","30","437","8"
"637","30","378","9"
"638","30","330","13"
"639","30","569","36"
"640","30","1574","12"
"641","30","1431","77"
"642","30","1834","68"
"643","30","445","69"
"644","31","771","39"
"645","31","1852","88"
"646","31","974","2"
"647","31","196","38"
"648","31","1886","15"
"649","31","1634","39"
"650","31","172","36"
"651","31","912","67"
"652","31","1588","28"
"653","31","964","72"
"654","31","425","56"
"655","31","666","56"
"656","31","1755","8"
"657","31","744","62"
"658","31","1459","76"
"659","31","166","9"
"660","31","1038","57"
"661","31","1685","38"
"662","31","1964","94"
"663","31","1855","50"
"664","31","986","50"
"665","31","1492","62"
"666","31","1860","81"
"667","32","747","7"
"668","32","717","44"
"669","32","608","7"
"670","32","1702","62"
"671","32","919","67"
"672","32","336","9"
"673","32","1591","36"
"674","32","600","14"
"675","32","1429","48"
"676","32","1200","21"
"677","32","597","99"
"678","32","791","16"
"679","32","822","14"
"680","32","1437","81"
"681","32","1722","30"
"682","32","1013","57"
"683","32","882","54"
"684","32","609","84"
"685","32","697","29"
"686","32","487","68"
"687","32","1300","84"
"688","33","339","91"
"689","33","1469","57"
"690","33","1628","40"
"691","33","1249","32"
"692","33","114","17"
"693","33","1737","24"
"694","33","1269","79"
"695","33","374","44"
"696","34","659","38"
"697","34","1983","75"
"698","34","581","72"
"699","34","1834","22"
"700","35","484","98"
"701","35","1150","47"
"702","35","1288","64"
"703","35","1099","75"
"704","35","1041","89"
"705","35","1922","13"
"706","35","909","53"
"707","35","45","45"
"708","35","306","27"
"709","35","1206","4"
"710","35","1749","47"
"711","35","160","91"
"712","35","901","92"
"713","35","149","48"
"714","35","410","67"
"715","35","1311","7"
"716","35","162","60"
"717","35","1777","32"
"718","35","1929","73"
"719","35","339","37"
"720","35","58","69"
"721","35","1502","42"
"722","35","1581","99"
"723","35","1353","66"
"724","35","884","12"
"725","35","1366","42"
"726","35","1993","9"
"727","35","953","29"
"728","36","1830","91"
"729","36","535","28"
"730","36","351","48"
"731","36","758","56"
"732","36","878","58"
"733","36","1376","83"
"734","36","1918","42"
"735","36","704","95"
"736","36","1959","93"
"737","36","1151","70"
"738","36","1577","30"
"739","36","1224","8"
"740","36","1561","93"
"741","36","1505","97"
"742","36","1590","44"
"743","36","611","74"
"744","36","1036","60"
"745","36","1538","79"
"746","36","1966","17"
"747","37","1344","84"
"748","37","1233","31"
"749","37","1202","94"
"750","37","632","33"
"751","37","21","33"
"752","37","865","11"
"753","37","1831","73"
"754","37","1482","70"
"755","37","1261","71"
"756","37","264","6"
"757","37","1641","77"
"758","37","168","30"
"759","37","970","43"
"760","37","1902","76"
"761","37","1049","69"
"762","38","1301","26"
"763","38","383","64"
"764","38","248","91"
"765","38","973","14"
"766","38","934","26"
"767","38","612","85"
"768","38","1517","86"
"769","38","1068","64"
"770","38","1416","1"
"771","38","62","46"
"772","38","539","36"
"773","38","1886","25"
"774","38","1330","30"
"775","38","1107","61"
"776","38","692","47"
"777","38","1354","79"
"778","38","1363","12"
"779","38","177","57"
"780","38","636","84"
"781","38","1260","5"
"782","38","1008","33"
"783","38","1908","44"
"784","38","1303","99"
"785","38","649","76"
"786","38","1629","98"
"787","38","977","57"
"788","39","772","63"
"789","39","885","2"
"790","39","11","25"
"791","39","505","73"
"792","39","1811","96"
"793","39","988","64"
"794","39","1563","84"
"795","39","1522","18"
"796","39","1570","94"
"797","39","273","59"
"798","39","1057","69"
"799","39","233","18"
"800","39","1377","96"
"801","39","212","28"
"802","39","603","76"
"803","40","920","71"
"804","40","1389","95"
"805","40","1288","20"
"806","40","1395","51"
"807","41","859","97"
"808","41","1771","61"
"809","41","779","79"
"810","41","579","55"
"811","41","1118","76"
"812","41","873","15"
"813","41","1333","94"
"814","41","46","33"
"815","41","654","62"
"816","41","380","96"
"817","41","1661","81"
"818","41","1907","49"
"819","42","1899","92"
"820","42","1057","36"
"821","42","917","76"
"822","42","1514","35"
"823","42","479","83"
"824","42","1257","55"
"825","42","1722","23"
"826","42","1605","73"
"827","42","888","9"
"828","42","126","39"
"829","42","781","17"
"830","42","1763","43"
"831","42","128","60"
"832","43","1134","58"
"833","43","1750","17"
"834","43","555","25"
"835","43","157","15"
"836","43","680","21"
"837","43","226","73"
"838","43","67","55"
"839","43","1586","48"
"840","43","1983","40"
"841","43","297","60"
"842","43","1861","66"
"843","43","980","25"
"844","43","310","73"
"845","43","761","26"
"846","43","1782","35"
"847","43","589","76"
"848","43","792","45"
"849","43","924","1"
"850","43","247","88"
"851","43","1971","8"
"852","43","644","26"
"853","43","1256","1"
"854","43","1742","31"
"855","44","1734","34"
"856","44","144","45"
"857","44","1968","43"
"858","44","1915","33"
"859","44","1496","9"
"860","45","1425","98"
"861","45","1438","52"
"862","45","1553","25"
"863","45","399","25"
"864","45","1871","88"
"865","45","1926","77"
"866","45","1366","20"
"867","45","123","57"
"868","45","69","11"
"869","45","885","14"
"870","45","1703","53"
"871","45","927","37"
"872","45","400","58"
"873","45","1621","8"
"874","45","649","91"
"875","45","198","32"
"876","45","1914","49"
"877","45","110","95"
"878","45","790","52"
"879","45","995","90"
"880","45","1433","17"
"881","45","1800","40"
"882","45","1625","57"
"883","45","1509","60"
"884","45","1467","28"
"885","45","419","61"
"886","45","1363","63"
"887","45","1719","28"
"888","45","879","63"
"889","45","1213","58"
"890","45","357","60"
"891","45","1020","63"
"892","45","705","81"
"893","45","977","65"
"894","45","1344","34"
"895","45","892","80"
"896","46","586","73"
"897","46","962","27"
"898","46","713","95"
"899","46","1420","82"
"900","46","745","52"
"901","46","1993","18"
"902","46","760","87"
"903","46","1233","4"
"904","46","287","29"
"905","46","607","39"
"906","46","1449","27"
"907","46","983","27"
"908","46","1200","45"
"909","46","529","23"
"910","46","367","67"
"911","46","610","45"
"912","46","1626","71"
"913","46","422","45"
"914","46","123","22"
"915","46","1439","56"
"916","46","1468","24"
"917","46","853","69"
"918","46","1747","70"
"919","46","1545","83"
"920","46","1344","29"
"921","46","327","50"
"922","46","1204","24"
"923","46","1382","66"
"924","46","440","57"
"925","46","1358","41"
"926","46","304","52"
"927","46","1038","16"
"928","46","70","52"
"929","46","275","23"
"930","47","1631","4"
"931","47","885","6"
"932","47","983","44"
"933","47","832","79"
"934","47","1277","53"
"935","47","745","5"
"936","47","670","16"
"937","47","1165","81"
"938","47","1010","11"
"939","47","1366","1"
"940","47","846","8"
"941","47","849","51"
"942","48","520","20"
"943","48","616","87"
"944","48","1215","73"
"945","49","1585","62"
"946","49","131","26"
"947","49","707","78"
"948","49","283","98"
"949","49","1323","22"
"950","49","1038","9"
"951","49","1241","43"
"952","49","1528","7"
"953","49","772","76"
"954","49","685","64"
"955","49","14","12"
"956","49","640","12"
"957","49","1467","34"
"958","49","1768","97"
"959","49","486","85"
"960","49","694","19"
"961","49","812","64"
"962","49","1501","1"
"963","49","1857","11"
"964","49","1044","91"
"965","49","757","77"
"966","49","1778","13"
"967","49","1056","30"
"968","49","785","70"
"969","49","1405","64"
"970","49","1313","68"
"971","49","1616","41"
"972","49","885","5"
"973","49","306","18"
"974","49","1982","28"
"975","49","1403","33"
"976","49","1340","34"
"977","49","276","75"
"978","49","494","75"
"979","50","404","52"
"980","50","1283","20"
"981","50","309","84"
"982","50","384","48"
"983","50","1368","91"
"984","50","1189","80"
"985","50","1760","41"
"986","50","282","36"
"987","50","1985","1"
"988","50","1824","96"
"989","50","68","95"
"990","50","1864","65"
"991","50","1053","48"
"992","50","1739","79"
"993","50","1095","75"
"994","50","318","61"
"995","50","1153","42"
"996","50","743","21"
"997","50","359","63"
"998","50","493","24"
"999","50","326","98"
"1000","50","824","55"
"1001","50","1537","35"
"1002","50","146","99"
"1003","50","441","37"
"1004","50","1974","94"
"1005","50","524","1"
"1006","50","1102","37"
"1007","50","1904","33"
"1008","51","1252","62"
"1009","51","316","70"
"1010","51","818","98"
"1011","51","1866","66"
"1012","51","141","55"
"1013","51","1716","34"
"1014","51","1786","60"
"1015","51","495","65"
"1016","51","361","70"
"1017","51","1698","79"
"1018","51","573","7"
"1019","51","949","11"
"1020","51","1045","59"
"1021","51","436","84"
"1022","51","1845","67"
"1023","51","999","8"
"1024","51","1327","27"
"1025","51","1077","52"
"1026","51","1607","54"
"1027","51","1116","66"
"1028","51","721","16"
"1029","51","773","12"
"1030","51","437","16"
"1031","51","765","79"
"1032","51","953","29"
"1033","51","726","22"
"1034","51","1059","58"
"1035","52","39","5"
"1036","52","1360","90"
"1037","52","1411","64"
"1038","52","545","58"
"1039","52","1448","12"
"1040","52","1222","93"
"1041","52","1372","86"
"1042","52","385","40"
"1043","52","1714","52"
"1044","52","155","53"
"1045","52","645","9"
"1046","52","1188","69"
"1047","52","1555","7"
"1048","52","1975","79"
"1049","52","1025","69"
"1050","52","807","66"
"1051","52","821","79"
"1052","52","1913","99"
"1053","52","1917","62"
"1054","52","1415","60"
"1055","52","460","71"
"1056","52","1236","99"
"1057","53","73","3"
"1058","53","1890","22"
"1059","53","340","88"
"1060","53","1934","6"
"1061","53","1736","76"
"1062","53","688","22"
"1063","53","1477","45"
"1064","53","662","57"
"1065","53","616","31"
"1066","53","9","43"
"1067","53","1118","1"
"1068","53","1669","84"
"1069","53","1017","27"
"1070","53","78","84"
"1071","54","1482","51"
"1072","54","445","53"
"1073","54","1904","30"
"1074","54","1257","3"
"1075","54","1129","74"
"1076","54","1335","70"
"1077","55","380","73"
"1078","55","1225","19"
"1079","55","439","42"
"1080","55","1505","76"
"1081","55","172","36"
"1082","55","474","46"
"1083","55","127","88"
"1084","55","1567","100"
"1085","55","605","64"
"1086","55","248","15"
"1087","55","1209","33"
"1088","55","1115","62"
"1089","55","1180","63"
"1090","55","321","100"
"1091","55","1478","97"
"1092","55","1951","55"
"1093","55","1682","26"
"1094","55","1246","23"
"1095","55","42","17"
"1096","55","314","35"
"1097","55","1846","48"
"1098","55","491","46"
"1099","55","157","70"
"1100","55","1083","6"
"1101","55","1974","10"
"1102","55","1601","29"
"1103","55","1586","7"
"1104","55","1060","48"
"1105","55","1014","100"
"1106","55","254","88"
"1107","55","1032","2"
"1108","55","1237","3"
"1109","55","854","95"
"1110","55","632","33"
"1111","55","279","82"
"1112","55","503","71"
"1113","55","170","31"
"1114","55","938","46"
"1115","56","1796","50"
"1116","56","1748","10"
"1117","56","1622","46"
"1118","56","349","18"
"1119","56","237","12"
"1120","56","934","79"
"1121","56","1805","42"
"1122","56","131","27"
"1123","56","948","28"
"1124","56","1701","13"
"1125","56","1416","6"
"1126","56","136","90"
"1127","56","42","77"
"1128","56","87","57"
"1129","56","446","57"
"1130","56","1497","72"
"1131","56","1068","21"
"1132","56","548","74"
"1133","56","1755","47"
"1134","56","1550","81"
"1135","56","304","80"
"1136","56","1071","5"
"1137","56","480","21"
"1138","56","979","17"
"1139","56","1254","45"
"1140","56","1808","71"
"1141","57","956","53"
"1142","57","1929","63"
"1143","57","809","83"
"1144","57","1550","55"
"1145","57","1513","48"
"1146","57","1640","56"
"1147","57","1261","20"
"1148","57","1987","76"
"1149","57","273","42"
"1150","57","1476","43"
"1151","57","1870","56"
"1152","57","731","89"
"1153","58","1777","16"
"1154","58","520","61"
"1155","58","701","92"
"1156","58","294","35"
"1157","58","500","62"
"1158","58","1511","97"
"1159","58","1323","7"
"1160","58","482","97"
"1161","58","1509","29"
"1162","58","1105","39"
"1163","58","1274","63"
"1164","58","250","89"
"1165","58","1111","65"
"1166","58","1156","8"
"1167","58","549","11"
"1168","58","1739","89"
"1169","58","1232","82"
"1170","58","1524","88"
"1171","58","1077","49"
"1172","58","519","2"
"1173","58","1631","73"
"1174","58","1626","66"
"1175","58","1404","66"
"1176","58","400","97"
"1177","58","1322","11"
"1178","58","916","30"
"1179","59","1160","7"
"1180","59","1597","33"
"1181","59","1299","40"
"1182","59","448","69"
"1183","59","995","23"
"1184","59","595","85"
"1185","59","1315","61"
"1186","59","353","78"
"1187","59","1858","51"
"1188","59","1245","35"
"1189","59","1293","36"
"1190","59","549","21"
"1191","59","1131","97"
"1192","59","542","35"
"1193","59","467","44"
"1194","59","1437","30"
"1195","59","1398","72"
"1196","59","40","36"
"1197","59","384","34"
"1198","59","608","50"
"1199","59","861","6"
"1200","59","399","54"
"1201","59","1661","95"
"1202","59","735","42"
"1203","59","737","17"
"1204","59","1609","20"
"1205","59","172","85"
"1206","59","1155","90"
"1207","59","1524","71"
"1208","59","1574","42"
"1209","59","102","99"
"1210","59","951","61"
"1211","59","1457","45"
"1212","60","66","10"
"1213","60","1390","42"
"1214","60","379","100"
"1215","60","78","6"
"1216","60","987","6"
"1217","61","755","34"
"1218","61","1858","18"
"1219","61","936","10"
"1220","61","609","32"
"1221","61","507","37"
"1222","61","1096","94"
"1223","61","833","16"
"1224","61","1847","41"
"1225","61","1450","88"
"1226","61","1306","85"
"1227","61","266","95"
"1228","61","1659","93"
"1229","61","53","49"
"1230","61","1202","35"
"1231","61","1447","98"
"1232","61","927","88"
"1233","61","510","22"
"1234","61","517","76"
"1235","61","1587","51"
"1236","61","205","10"
"1237","61","326","2"
"1238","61","1087","46"
"1239","61","428","77"
"1240","61","842","50"
"1241","61","1582","25"
"1242","61","933","73"
"1243","61","1006","65"
"1244","61","1277","50"
"1245","61","790","27"
"1246","61","1469","2"
"1247","61","1060","2"
"1248","61","941","68"
"1249","61","738","98"
"1250","61","1792","13"
"1251","61","1875","48"
"1252","61","1347","66"
"1253","62","904","94"
"1254","62","308","47"
"1255","62","474","44"
"1256","62","367","99"
"1257","62","1819","75"
"1258","62","1597","1"
"1259","62","1265","17"
"1260","62","669","34"
"1261","62","402","75"
"1262","62","524","83"
"1263","62","357","26"
"1264","62","712","84"
"1265","62","247","60"
"1266","63","1261","65"
"1267","63","1708","36"
"1268","63","1742","33"
"1269","63","514","73"
"1270","63","1410","88"
"1271","63","978","59"
"1272","63","1033","25"
"1273","63","592","70"
"1274","63","489","22"
"1275","63","877","93"
"1276","64","1124","7"
"1277","65","1049","44"
"1278","65","1805","44"
"1279","65","420","24"
"1280","65","1388","67"
"1281","65","357","32"
"1282","65","1236","6"
"1283","65","1743","14"
"1284","65","1784","28"
"1285","65","329","30"
"1286","65","995","20"
"1287","65","1999","89"
"1288","65","328","74"
"1289","65","1900","83"
"1290","65","1555","90"
"1291","65","428","29"
"1292","66","241","82"
"1293","66","604","69"
"1294","66","1048","18"
"1295","66","143","100"
"1296","66","554","9"
"1297","66","1521","88"
"1298","66","153","42"
"1299","66","1902","33"
"1300","66","987","77"
"1301","66","1187","60"
"1302","66","1096","71"
"1303","66","115","4"
"1304","66","904","46"
"1305","66","1610","95"
"1306","66","1461","59"
"1307","66","398","17"
"1308","66","1911","30"
"1309","66","1453","43"
"1310","66","64","65"
"1311","66","1067","48"
"1312","66","350","23"
"1313","66","1885","35"
"1314","66","331","96"
"1315","66","1040","47"
"1316","66","1503","60"
"1317","66","359","100"
"1318","66","1612","100"
"1319","66","237","2"
"1320","66","1921","84"
"1321","66","989","3"
"1322","66","746","20"
"1323","66","1739","45"
"1324","66","688","66"
"1325","66","1742","52"
"1326","66","1416","19"
"1327","66","898","90"
"1328","67","1778","76"
"1329","67","515","55"
"1330","67","1611","3"
"1331","67","1981","49"
"1332","67","131","70"
"1333","67","1176","39"
"1334","67","1870","86"
"1335","67","1580","61"
"1336","67","456","28"
"1337","67","799","2"
"1338","67","1961","57"
"1339","67","230","67"
"1340","67","402","32"
"1341","67","363","95"
"1342","67","1231","56"
"1343","67","1158","65"
"1344","67","1844","49"
"1345","67","694","1"
"1346","67","864","25"
"1347","67","1091","2"
"1348","67","459","10"
"1349","67","178","76"
"1350","67","888","64"
"1351","68","1772","20"
"1352","68","1285","39"
"1353","68","1622","47"
"1354","68","1355","15"
"1355","68","1743","10"
"1356","68","6","19"
"1357","68","1967","76"
"1358","68","655","70"
"1359","68","85","75"
"1360","68","612","46"
"1361","68","1770","84"
"1362","68","1098","26"
"1363","68","108","82"
"1364","68","1238","78"
"1365","68","1403","61"
"1366","68","509","21"
"1367","68","1130","45"
"1368","68","0","63"
"1369","68","1249","18"
"1370","68","716","6"
"1371","68","1378","42"
"1372","68","30","92"
"1373","68","1118","29"
"1374","68","121","66"
"1375","68","1606","29"
"1376","68","79","32"
"1377","68","1763","49"
"1378","68","631","58"
"1379","68","1234","62"
"1380","68","60","12"
"1381","68","1465","4"
"1382","69","1595","14"
"1383","69","1816","41"
"1384","69","493","2"
"1385","69","645","10"
"1386","69","1264","98"
"1387","69","273","44"
"1388","69","165","72"
"1389","69","18","75"
"1390","69","435","45"
"1391","69","606","25"
"1392","69","1118","27"
"1393","69","321","74"
"1394","69","1849","88"
"1395","69","1573","67"
"1396","69","194","11"
"1397","69","155","73"
"1398","70","468","54"
"1399","70","716","48"
"1400","70","884","44"
"1401","70","758","18"
"1402","70","1649","48"
"1403","70","1486","39"
"1404","70","708","39"
"1405","70","1547","61"
"1406","70","187","31"
"1407","70","1333","85"
"1408","70","1704","28"
"1409","70","1887","24"
"1410","70","1214","7"
"1411","70","257","37"
"1412","70","89","87"
"1413","70","1982","23"
"1414","70","25","93"
"1415","70","1466","35"
"1416","71","225","26"
"1417","71","1962","68"
"1418","71","1088","36"
"1419","71","1257","99"
"1420","71","1592","6"
"1421","71","239","85"
"1422","71","667","30"
"1423","71","1753","89"
"1424","71","1140","64"
"1425","71","5","29"
"1426","71","1732","12"
"1427","71","655","3"
"1428","71","1526","44"
"1429","71","515","69"
"1430","71","416","96"
"1431","71","1431","28"
"1432","72","18","23"
"1433","72","1082","25"
"1434","72","1242","2"
"1435","72","419","49"
"1436","72","492","27"
"1437","72","828","79"
"1438","73","1705","8"
"1439","73","1066","62"
"1440","73","412","49"
"1441","73","19","79"
"1442","73","1992","62"
"1443","73","1004","28"
"1444","73","1554","21"
"1445","73","1234","41"
"1446","73","120","48"
"1447","73","213","90"
"1448","73","414","75"
"1449","73","1999","91"
"1450","73","200","3"
"1451","73","874","47"
"1452","73","1353","98"
"1453","73","243","85"
"1454","73","531","28"
"1455","73","1355","92"
"1456","73","1138","46"
"1457","73","1219","79"
"1458","73","1644","52"
"1459","73","988","23"
"1460","73","1358","43"
"1461","73","913","89"
"1462","73","416","24"
"1463","73","1959","16"
"1464","73","196","10"
"1465","73","1132","16"
"1466","73","639","15"
"1467","73","666","23"
"1468","74","1203","29"
"1469","75","1645","92"
"1470","75","1569","1"
"1471","75","1607","47"
"1472","75","1040","45"
"1473","75","150","65"
"1474","75","1786","94"
"1475","75","1574","22"
"1476","75","1742","55"
"1477","75","1377","88"
"1478","75","1178","14"
"1479","75","1491","78"
"1480","75","168","37"
"1481","75","939","8"
"1482","75","1090","15"
"1483","75","361","45"
"1484","75","347","82"
"1485","75","306","26"
"1486","75","1976","77"
"1487","75","1417","13"
"1488","76","1784","68"
"1489","76","1427","86"
"1490","76","464","14"
"1491","76","166","13"
"1492","76","555","73"
"1493","76","526","71"
"1494","76","101","65"
"1495","76","416","55"
"1496","76","1092","60"
"1497","76","1331","37"
"1498","76","1351","74"
"1499","76","568","47"
"1500","76","1097","30"
"1501","76","46","7"
"1502","76","1633","69"
"1503","76","30","99"
"1504","76","104","47"
"1505","76","499","98"
"1506","76","1061","2"
"1507","76","608","70"
"1508","76","1393","74"
"1509","76","1042","10"
"1510","76","1185","56"
"1511","76","1595","31"
"1512","76","1192","78"
"1513","76","1150","2"
"1514","76","437","27"
"1515","77","1829","74"
"1516","77","492","46"
"1517","77","1009","9"
"1518","77","978","18"
"1519","77","1731","93"
"1520","77","1531","81"
"1521","77","1475","32"
"1522","77","1690","62"
"1523","77","844","1"
"1524","77","322","25"
"1525","77","1227","71"
"1526","77","140","28"
"1527","77","1651","19"
"1528","77","1596","80"
"1529","77","126","18"
"1530","77","906","64"
"1531","77","1205","24"
"1532","78","190","43"
"1533","78","1374","91"
"1534","78","1124","21"
"1535","78","916","67"
"1536","78","1263","11"
"1537","78","372","98"
"1538","78","971","73"
"1539","78","1598","21"
"1540","78","1508","65"
"1541","78","1734","23"
"1542","78","296","5"
"1543","78","738","48"
"1544","78","1578","57"
"1545","78","758","10"
"1546","78","1840","17"
"1547","78","1219","83"
"1548","78","1518","98"
"1549","78","1717","22"
"1550","78","632","18"
"1551","78","1946","33"
"1552","78","513","4"
"1553","78","542","17"
"1554","78","1512","83"
"1555","78","382","9"
"1556","78","1915","74"
"1557","78","1738","21"
"1558","78","133","38"
"1559","78","1575","81"
"1560","78","1343","4"
"1561","78","1529","22"
"1562","78","67","69"
"1563","78","536","73"
"1564","78","461","64"
"1565","78","1759","98"
"1566","78","1484","82"
"1567","79","119","42"
"1568","79","488","74"
"1569","79","1710","15"
"1570","79","492","45"
"1571","79","440","59"
"1572","79","1096","69"
"1573","79","1444","10"
"1574","79","1328","52"
"1575","79","809","53"
"1576","79","132","51"
"1577","79","873","73"
"1578","79","1976","40"
"1579","79","1228","58"
"1580","79","1418","43"
"1581","79","11","98"
"1582","79","1516","85"
"1583","79","1797","59"
"1584","79","1290","50"
"1585","80","1490","36"
"1586","80","1336","82"
"1587","80","1116","65"
"1588","80","48","81"
"1589","80","820","25"
"1590","80","664","12"
"1591","80","36","83"
"1592","80","1214","81"
"1593","80","787","98"
"1594","80","353","85"
"1595","80","1087","14"
"1596","80","1268","49"
"1597","80","630","25"
"1598","80","1571","97"
"1599","81","127","16"
"1600","81","1429","11"
"1601","81","791","34"
"1602","81","831","34"
"1603","81","1747","45"
"1604","81","187","12"
"1605","81","940","89"
"1606","81","853","10"
"1607","81","192","43"
"1608","81","236","38"
"1609","81","1526","14"
"1610","81","821","90"
"1611","81","1882","63"
"1612","81","556","100"
"1613","81","1663","62"
"1614","81","111","2"
"1615","81","1790","66"
"1616","81","1929","61"
"1617","81","18","82"
"1618","81","783","34"
"1619","82","1084","95"
"1620","82","1609","62"
"1621","82","1553","24"
"1622","82","1707","9"
"1623","82","970","19"
"1624","82","56","79"
"1625","82","537","86"
"1626","82","620","81"
"1627","82","1444","59"
"1628","82","530","57"
"1629","82","1614","71"
"1630","82","608","48"
"1631","82","488","97"
"1632","82","1656","43"
"1633","82","1547","17"
"1634","82","1561","13"
"1635","82","1670","86"
"1636","82","872","46"
"1637","82","998","28"
"1638","82","1492","28"
"1639","82","1721","4"
"1640","82","885","57"
"1641","83","352","21"
"1642","83","776","29"
"1643","83","1362","75"
"1644","83","565","45"
"1645","83","1279","15"
"1646","83","394","81"
"1647","83","769","57"
"1648","83","1332","33"
"1649","83","644","15"
"1650","83","1360","57"
"1651","83","1223","82"
"1652","83","1415","65"
"1653","83","1972","12"
"1654","83","15","33"
"1655","83","1652","34"
"1656","83","1635","19"
"1657","83","1563","98"
"1658","83","1521","64"
"1659","83","340","53"
"1660","83","447","75"
"1661","83","457","58"
"1662","84","1125","48"
"1663","84","1165","13"
"1664","84","176","65"
"1665","84","1914","98"
"1666","84","55","97"
"1667","84","690","37"
"1668","84","306","5"
"1669","84","33","46"
"1670","84","862","61"
"1671","84","193","32"
"1672","84","1456","93"
"1673","84","1582","47"
"1674","84","1859","94"
"1675","84","1492","62"
"1676","84","1287","80"
"1677","84","1703","59"
"1678","84","135","72"
"1679","84","1473","50"
"1680","84","548","16"
"1681","84","766","54"
"1682","84","806","9"
"1683","84","761","78"
"1684","84","1466","10"
"1685","85","1263","45"
"1686","85","1416","32"
"1687","85","901","9"
"1688","85","246","22"
"1689","85","1514","9"
"1690","85","1454","2"
"1691","85","842","84"
"1692","85","218","98"
"1693","85","926","38"
"1694","85","1033","8"
"1695","85","958","91"
"1696","85","1628","42"
"1697","85","1258","55"
"1698","85","1483","77"
"1699","85","1541","7"
"1700","85","389","61"
"1701","85","1030","29"
"1702","85","800","67"
"1703","85","25","43"
"1704","85","637","50"
"1705","85","950","83"
"1706","85","812","82"
"1707","85","496","34"
"1708","85","123","50"
"1709","85","801","4"
"1710","85","411","19"
"1711","85","1037","86"
"1712","86","1435","32"
"1713","86","452","28"
"1714","86","1289","51"
"1715","86","1686","90"
"1716","86","1788","1"
"1717","86","311","61"
"1718","86","1929","46"
"1719","86","1029","86"
"1720","86","1671","42"
"1721","86","1461","35"
"1722","86","913","54"
"1723","86","794","20"
"1724","86","572","84"
"1725","86","401","34"
"1726","86","1184","73"
"1727","86","1766","80"
"1728","86","1799","51"
"1729","86","1328","52"
"1730","86","1003","90"
"1731","86","1985","84"
"1732","86","899","96"
"1733","86","1627","43"
"1734","86","1584","18"
"1735","87","639","96"
"1736","87","1053","43"
"1737","87","294","22"
"1738","87","128","24"
"1739","87","143","12"
"1740","87","787","35"
"1741","87","1515","17"
"1742","87","1615","92"
"1743","87","1330","67"
"1744","87","1940","1"
"1745","87","1471","4"
"1746","87","1656","60"
"1747","87","1486","19"
"1748","87","82","93"
"1749","87","1200","20"
"1750","87","687","3"
"1751","87","107","99"
"1752","87","406","47"
"1753","87","308","54"
"1754","87","1920","46"
"1755","87","1513","33"
"1756","87","1960","29"
"1757","87","963","51"
"1758","87","194","75"
"1759","87","164","20"
"1760","87","234","11"
"1761","87","218","18"
"1762","87","1572","58"
"1763","87","818","83"
"1764","87","1262","28"
"1765","87","169","16"
"1766","87","26","52"
"1767","87","1973","73"
"1768","88","356","89"
"1769","88","1932","67"
"1770","88","1891","15"
"1771","88","1104","88"
"1772","88","1850","44"
"1773","88","1613","53"
"1774","88","1816","67"
"1775","88","32","55"
"1776","88","499","49"
"1777","88","1134","23"
"1778","88","119","68"
"1779","88","763","72"
"1780","88","1597","41"
"1781","88","1481","92"
"1782","88","80","98"
"1783","88","1553","29"
"1784","88","1928","39"
"1785","89","553","22"
"1786","89","1311","11"
"1787","89","1023","72"
"1788","89","1608","73"
"1789","89","943","62"
"1790","89","1783","47"
"1791","89","570","94"
"1792","89","1370","47"
"1793","89","1432","41"
"1794","89","149","83"
"1795","89","1066","90"
"1796","89","1286","55"
"1797","90","1299","69"
"1798","90","517","5"
"1799","90","124","21"
"1800","90","1831","39"
"1801","90","684","64"
"1802","90","578","58"
"1803","90","833","18"
"1804","90","764","29"
"1805","90","1632","49"
"1806","90","227","56"
"1807","90","10","65"
"1808","90","1889","47"
"1809","90","779","11"
"1810","90","546","18"
"1811","90","488","16"
"1812","90","241","33"
"1813","90","807","19"
"1814","90","1433","5"
"1815","90","1569","91"
"1816","90","1454","80"
"1817","90","722","44"
"1818","90","1284","18"
"1819","90","167","36"
"1820","90","994","65"
"1821","90","1924","60"
"1822","90","776","70"
"1823","90","565","7"
"1824","90","1448","38"
"1825","90","321","61"
"1826","90","1057","9"
"1827","90","1137","56"
"1828","90","328","42"
"1829","90","980","1"
"1830","90","260","17"
"1831","90","1773","48"
"1832","90","1054","65"
"1833","90","1510","90"
"1834","90","471","73"
"1835","91","1147","54"
"1836","91","1947","19"
"1837","91","1703","17"
"1838","91","440","85"
"1839","91","1261","92"
"1840","91","1009","93"
"1841","91","1992","19"
"1842","91","54","9"
"1843","91","1048","23"
"1844","91","1417","38"
"1845","91","913","51"
"1846","92","378","37"
"1847","92","1924","22"
"1848","92","392","55"
"1849","92","569","45"
"1850","92","34","14"
"1851","92","1931","10"
"1852","92","430","14"
"1853","92","255","63"
"1854","92","1589","76"
"1855","92","1418","93"
"1856","92","1461","1"
"1857","92","257","15"
"1858","93","206","45"
"1859","93","179","97"
"1860","93","1390","97"
"1861","93","1354","24"
"1862","93","1348","71"
"1863","93","1289","27"
"1864","93","455","80"
"1865","93","1252","30"
"1866","93","134","34"
"1867","93","1224","34"
"1868","93","444","50"
"1869","93","1160","35"
"1870","93","1359","44"
"1871","93","1054","34"
"1872","93","1869","2"
"1873","93","1271","25"
"1874","93","499","20"
"1875","93","1047","25"
"1876","93","1925","51"
"1877","93","912","10"
"1878","93","1482","98"
"1879","93","880","60"
"1880","93","1969","47"
"1881","93","1870","71"
"1882","93","545","72"
"1883","93","1698","3"
"1884","93","1864","28"
"1885","93","486","14"
"1886","93","839","35"
"1887","93","1855","28"
"1888","93","404","70"
"1889","94","292","87"
"1890","94","253","10"
"1891","94","855","94"
"1892","94","474","51"
"1893","94","205","76"
"1894","94","115","17"
"1895","94","1205","22"
"1896","94","1175","75"
"1897","94","343","68"
"1898","94","1648","36"
"1899","94","1353","23"
"1900","94","1174","10"
"1901","94","1870","40"
"1902","94","238","34"
"1903","94","781","33"
"1904","94","987","73"
"1905","94","1267","63"
"1906","94","78","56"
"1907","94","1553","91"
"1908","94","380","68"
"1909","94","1992","69"
"1910","94","1308","62"
"1911","94","938","12"
"1912","94","1220","14"
"1913","94","499","43"
"1914","94","573","73"
"1915","94","827","33"
"1916","94","1362","24"
"1917","94","1547","39"
"1918","94","1482","11"
"1919","94","1871","21"
"1920","94","1396","50"
"1921","94","337","60"
"1922","94","1463","18"
"1923","94","1137","93"
"1924","94","1931","63"
"1925","95","394","37"
"1926","95","1073","80"
"1927","95","1524","33"
"1928","96","1524","1"
"1929","96","266","48"
"1930","96","1235","58"
"1931","96","1876","52"
"1932","96","1641","91"
"1933","96","1062","58"
"1934","96","164","19"
"1935","96","1723","80"
"1936","96","1442","49"
"1937","96","327","12"
"1938","96","727","56"
"1939","96","1415","72"
"1940","96","1792","63"
"1941","96","1759","86"
"1942","96","233","10"
"1943","96","1187","35"
"1944","96","417","87"
"1945","96","1507","71"
"1946","96","410","65"
"1947","96","1725","93"
"1948","96","503","9"
"1949","96","712","13"
"1950","96","1379","63"
"1951","96","1780","8"
"1952","96","850","84"
"1953","96","1207","14"
"1954","97","94","33"
"1955","97","1620","31"
"1956","97","1428","88"
"1957","97","583","39"
"1958","97","448","4"
"1959","98","719","58"
"1960","98","600","80"
"1961","98","1605","40"
"1962","98","404","15"
"1963","98","557","63"
"1964","98","1395","83"
"1965","98","1942","75"
"1966","98","873","60"
"1967","98","1892","61"
"1968","98","910","70"
"1969","98","1332","40"
"1970","98","1203","93"
"1971","98","939","33"
"1972","98","1643","78"
"1973","98","254","85"
"1974","98","1991","65"
"1975","98","332","77"
"1976","98","657","95"
"1977","98","1746","54"
"1978","98","1370","98"
"1979","98","626","8"
"1980","98","1165","50"
"1981","98","1667","50"
"1982","98","848","45"
"1983","98","506","4"
"1984","99","343","69"
"1985","99","1255","69"
"1986","99","392","29"
"1987","99","724","54"
"1988","99","1790","29"
"1989","99","1200","97"
"1990","99","644","32"
"1991","99","762","56"
"1992","99","1868","47"
"1993","99","1650","63"
"1994","99","1847","8"
"1995","99","541","87"
"1996","99","638","51"
"1997","99","1944","40"
"1998","99","199","28"
"1999","99","633","1"
"2000","99","594","90"
"2001","99","4","44"
"2002","99","1069","54"
"2003","99","1373","43"
"2004","99","1960","62"
"2005","99","1325","63"
"2006","99","1877","10"
"2007","99","1882","48"
"2008","99","1442","58"
"2009","99","1305","61"
